plus,p2_1_453,number,1,2,3,4,5,6,7,8,9,10,11,12,13,14,15,16,17,18,19,20,21,22,23,24,25,26,27,28,29,30,31,32,33,34,35,36,37,38,39,40,41,42,43,44,45,46,47,48,49,50,51,52,53,54,55,56,57,58,59,60,61,62,63,64,65,66,67,68,69,70,71,72,73,74,75,76,77,78,79,80,81,82,83,84,85,86,87,88,89,90,91,92,93,94,95,96,97,98,99,100,101,102,103,104,105,106,107,108,109,110,111,112,113,114,115,116,117,118,119,120,121,122,123,124,125,126,127,128,129,130,131,132,133,134,135,136,137,138,139,140,141,142,143,144,145,146,147,148,149,150,151,152,153,154,155,156,157,158,159,160,161,162,163,164,165,166,167,168,169,170,171,172,173,174,175,176,177,178,179,180,181,182,183,184,185,186,187,188,189,190,191,192,193,194,195,196,197,198,199,200,201,202,203,204,205,206,207,208,209,210,211,212,213,214,215,216,217,218,219,220,221,222,223,224,225,226,227,228,229,230,231,232,233,234,235,236,237,238,239,240,241,242,243,244,245,246,247,248,249,250,251,252,253,254,255,256,257,258,259,260,261,262,263,264,265,266,267,268,269,270,271,272,273,274,275,276,277,278,279,280,281,282,283,284,285,286,287,288,289,290,291,292,293,294,295,296,297,298,299,300,301,302,303,304,305,306,307,308,309,310,311,312,313,314,315,316,317,318,319,320,321,322,323,324,325,326,327,328,329,330,331,332,333,334,335,336,337,338,339,340,341,342,343,344,345,346,347,348,349,350,351,352,353,354,355,356,357,358,359,360,361,362,363,364,365,366,367,368,369,370,371,372,373,374,375,376,377,378,379,380,381,382,383,384,385,386,387,388,389,390,391,392,393,394,395,396,397,398,399,400,401,402,403,404,405,406,407,408,409,410,411,412,413,414,415,416,417,418,419,420,421,422,423,424,425,426,427,428,429,430,431,432,433,434,435,436,437,438,439,440,441,442,443,444,445,446,447,448,449,450,451,452,453,
plus,p2_1_453,sequence,G,T,A,A,A,A,C,T,G,A,A,G,A,T,T,G,T,G,A,C,C,A,G,T,C,A,G,A,A,T,A,A,T,G,T,C,A,A,A,G,T,G,C,T,T,A,C,A,G,T,G,C,A,G,G,T,A,G,T,G,A,T,A,T,G,T,G,C,A,T,C,T,A,C,T,G,C,A,G,T,G,A,A,G,G,C,A,C,T,T,G,T,A,G,C,A,T,T,A,T,G,G,T,G,A,C,A,G,C,T,G,C,C,T,C,G,G,G,A,A,G,C,C,A,A,G,T,T,G,G,G,C,T,T,T,A,A,A,G,T,G,C,A,G,G,G,C,C,T,G,C,T,G,A,T,G,T,T,G,A,G,T,G,C,T,T,T,T,T,G,T,T,C,T,A,A,G,G,T,G,C,A,T,C,T,A,G,T,G,C,A,G,A,T,A,G,T,G,A,A,G,T,A,G,A,T,T,A,G,C,A,T,C,T,A,C,T,G,C,C,C,T,A,A,G,T,G,C,T,C,C,T,T,C,T,G,G,C,A,T,A,A,G,A,A,G,T,T,A,T,G,T,A,T,T,C,A,T,C,C,A,A,T,A,A,T,T,C,A,A,G,C,C,A,A,G,C,A,A,G,T,A,T,A,T,A,G,G,T,G,T,T,T,T,A,A,T,A,G,T,T,T,T,T,G,T,T,T,G,C,A,G,T,C,C,T,C,T,G,T,T,A,G,T,T,T,T,G,C,A,T,A,G,T,T,G,C,A,C,T,A,C,A,A,G,A,A,G,A,A,T,G,T,A,G,T,T,G,T,G,C,A,A,A,T,C,T,A,T,G,C,A,A,A,A,C,T,G,A,T,G,G,T,G,G,C,C,T,G,C,T,A,T,T,T,C,C,T,T,C,A,A,A,T,G,A,A,T,G,A,T,T,T,T,T,A,C,T,A,A,T,T,T,T,G,T,G,T,A,C,T,T,T,T,A,T,T,G,T,G,T,C,G,A,T,G,T,A,G,A,A,T,C,
plus,p2_1_453,del A,0,0,0,0,0,0,0,0,0,0,0,0,0,0,0,0,0,0,0,0,0,0,0,0,0,0,0,0,0,0,0,0,0,0,0,0,0,0,0,0,0,0,0,0,0,0,0,0,0,0,0,0,0,0,0,0,0,0,0,0,23,0,6,0,0,0,0,0,4,0,0,0,0,0,0,0,0,0,0,0,0,1,0,0,0,0,0,0,0,0,0,0,0,0,0,0,0,0,0,0,0,0,0,0,0,0,0,0,0,0,0,0,0,0,0,0,0,0,0,0,0,0,0,0,0,0,0,0,0,0,0,0,0,0,0,0,0,0,0,0,0,0,0,0,0,0,0,0,0,0,0,0,0,0,0,0,0,0,0,0,0,0,0,0,0,0,0,0,0,0,0,0,0,0,0,0,0,0,0,0,0,0,0,0,0,0,0,0,0,0,0,0,0,0,0,0,0,0,0,0,0,0,0,0,0,0,0,0,0,0,0,0,0,0,0,0,0,0,0,0,0,0,0,0,0,0,0,0,0,0,0,0,0,0,0,0,0,0,0,0,0,0,0,0,0,0,0,0,0,0,0,0,0,0,0,0,0,0,0,0,0,0,0,0,0,0,0,0,31,152,0,0,0,2,0,0,0,4,1,0,0,60,0,7,0,0,0,0,0,0,0,0,0,0,6,11,0,38,0,0,0,0,0,0,0,0,0,0,0,0,3,0,0,0,0,0,0,0,0,0,0,2,0,0,0,0,0,0,0,1,0,3,0,0,0,0,0,2,0,0,25,0,0,1,0,0,2,0,0,2,0,0,0,101,0,0,0,0,0,0,0,1,2,14,0,0,0,12,0,0,0,0,0,0,21,0,0,0,2,0,0,0,0,0,0,0,0,0,0,0,0,1,0,0,0,0,0,0,0,0,7,0,11,0,0,15,19,0,0,28,0,0,0,0,0,34,0,0,25,223,0,0,0,0,0,0,0,0,11,0,0,0,0,0,266,0,0,0,0,0,0,0,0,43,0,0,0,71,0,0,0,0,0,
plus,p2_1_453,del T,0,0,0,0,0,0,0,0,0,0,0,0,0,0,0,0,0,0,0,0,0,0,0,0,0,0,0,0,0,0,0,0,0,0,0,0,0,0,0,0,0,0,0,0,0,0,0,0,0,0,0,0,0,0,0,0,0,0,0,0,0,0,0,23,0,0,0,0,0,0,0,0,0,0,0,0,0,0,0,0,0,0,0,0,0,0,0,0,0,0,0,0,0,0,0,0,0,0,0,0,0,0,0,0,0,0,0,0,0,0,0,0,0,0,0,0,0,0,0,0,0,0,0,0,0,0,0,0,0,0,0,0,0,0,0,0,0,0,0,0,0,0,0,0,0,0,0,0,0,0,0,0,0,0,0,0,0,0,0,0,0,0,0,0,0,0,0,0,0,0,0,0,0,0,0,0,0,0,0,0,0,0,0,0,0,0,0,0,0,0,0,0,0,0,0,0,0,0,0,0,0,0,0,0,0,0,0,0,0,0,0,0,0,0,0,0,0,0,0,0,0,0,0,0,0,0,0,0,0,0,0,0,0,0,0,0,0,0,0,0,0,0,0,0,0,0,0,0,0,0,0,0,0,0,0,0,0,0,0,0,0,0,0,0,0,0,0,0,0,0,0,0,0,0,0,0,0,0,0,0,63,0,21,0,3,0,0,0,10,0,0,0,0,0,0,0,23,0,0,0,0,1,0,1,0,0,0,0,0,0,0,0,5,0,0,10,0,0,0,0,1,0,0,0,0,0,0,0,0,0,0,0,0,1,2,0,0,0,0,19,0,0,0,0,0,0,0,0,0,0,55,0,11,0,0,14,2,0,3,0,0,0,0,0,50,0,1,0,1,0,0,0,0,0,0,0,1,0,0,8,0,0,9,0,0,0,0,0,0,0,1,0,0,0,1,0,0,0,18,0,0,0,0,37,0,0,0,10,0,0,1,6,0,0,0,0,0,80,0,0,0,2,0,0,0,4,0,1,0,0,1,0,0,0,0,0,5,0,4,0,18,0,0,0,95,0,25,0,0,0,0,0,0,
plus,p2_1_453,del G,0,0,0,0,0,0,0,0,0,0,0,1,0,0,0,0,0,0,0,0,0,0,0,0,0,0,0,0,0,0,0,0,0,0,0,0,0,0,0,0,0,0,0,0,0,0,0,0,0,0,0,0,0,0,0,0,0,0,0,0,0,0,0,0,4,0,0,0,0,0,0,0,0,0,0,0,0,0,19,0,1,0,0,1005,0,0,0,0,0,0,0,0,0,0,0,0,0,0,0,0,0,0,0,0,0,0,0,0,0,0,0,0,0,0,0,0,0,0,0,0,0,0,0,0,0,0,0,0,0,0,0,0,0,0,0,0,0,0,0,0,0,0,0,0,0,0,0,0,0,0,0,0,0,0,0,0,0,0,0,0,0,0,0,0,0,0,0,0,0,0,0,0,0,0,0,0,0,0,0,0,0,0,0,0,0,0,0,0,0,0,0,0,0,0,0,0,0,0,0,0,0,0,0,0,0,0,0,0,0,0,0,0,0,0,0,0,0,0,0,0,0,0,0,0,0,0,0,0,0,0,0,0,0,0,0,0,0,0,0,0,0,0,0,0,0,0,0,0,0,0,0,0,0,0,0,0,0,0,0,0,0,0,0,0,0,0,0,0,0,0,1,0,0,0,0,35,0,0,0,22,0,0,0,0,0,0,0,0,0,31,0,0,0,0,0,0,0,0,10,0,0,0,0,0,95,0,0,0,2,0,0,1,0,0,0,0,0,0,23,0,0,0,6,0,0,0,0,4,0,0,0,0,8,0,0,1,0,0,0,0,0,0,0,0,4,0,0,9,0,0,0,26,0,0,59,0,0,29,0,4,0,0,0,0,0,0,0,0,0,3,0,0,0,0,0,0,0,0,0,0,0,0,0,0,0,0,0,0,0,0,0,0,0,0,0,0,0,0,0,0,0,0,0,0,37,0,0,0,84,0,0,0,0,0,0,0,0,0,0,0,0,0,0,0,140,0,35,0,0,0,0,0,0,0,0,0,0,157,0,43,0,0,18,0,0,94,0,0,88,0,0,0,0,
plus,p2_1_453,del C,0,0,0,0,0,0,0,0,0,0,0,0,0,0,0,0,0,0,0,0,0,0,0,0,0,0,0,0,0,0,0,0,0,0,0,0,0,0,0,0,0,0,0,0,0,0,0,0,0,0,0,0,0,0,0,0,0,0,0,0,0,0,0,0,0,0,0,26,0,0,0,0,0,0,0,0,0,0,0,0,0,0,0,0,0,0,0,0,0,0,0,0,0,0,0,0,0,0,0,0,0,0,0,0,0,0,0,0,0,0,0,0,0,0,0,0,0,0,0,0,0,0,0,0,0,0,0,0,0,0,0,0,0,0,0,0,0,0,0,0,0,0,0,0,0,0,0,0,0,0,0,0,0,0,0,0,0,0,0,0,0,0,0,0,0,0,0,0,0,0,0,0,0,0,0,0,0,0,0,0,0,0,0,0,0,0,0,0,0,0,0,0,0,0,0,0,0,0,0,0,0,0,0,0,0,0,0,0,0,0,0,0,0,0,0,0,0,0,0,0,0,0,0,0,0,0,0,0,0,0,0,0,0,0,0,0,0,0,0,0,0,0,0,0,0,0,0,0,0,0,0,0,0,0,0,0,0,0,0,0,0,0,0,0,0,0,0,18,0,0,0,0,0,0,0,0,109,0,0,0,0,0,0,0,0,0,0,0,0,0,0,0,0,0,0,0,0,0,0,0,0,0,0,0,0,0,0,0,0,2,0,0,0,0,3,0,3,0,0,0,0,0,0,0,0,0,0,0,0,0,0,0,0,0,0,0,11,0,7,0,0,1,0,0,0,0,0,0,0,0,0,0,0,0,0,0,0,0,0,0,0,0,0,0,0,0,0,0,0,0,1,0,0,0,0,2,0,0,0,0,0,0,0,0,0,0,0,0,0,1,0,0,0,0,0,0,4,0,0,6,0,0,0,0,0,0,0,0,0,0,0,0,0,0,0,0,45,0,0,0,0,0,0,0,0,0,0,0,0,16,0,0,0,0,0,0,0,0,0,0,0,90,0,0,0,0,0,0,0,0,0,0,0,
plus,p2_1_453,A->T,0,0,0,0,0,0,0,0,0,0,0,0,0,0,0,0,0,0,0,0,0,0,0,0,0,0,0,1,0,0,0,0,0,0,0,0,0,0,0,0,0,0,0,0,0,0,0,0,0,0,0,0,0,0,0,0,0,0,0,0,1499,0,46,0,0,0,0,0,0,0,0,0,0,0,0,0,0,0,0,0,0,0,20,0,0,0,1,0,0,0,0,0,0,0,0,0,0,0,0,0,0,0,0,0,0,0,0,0,0,0,0,0,0,0,0,0,0,0,0,0,0,0,0,0,0,0,0,0,0,0,0,0,0,0,0,0,1,0,0,0,0,0,0,0,0,0,0,0,0,0,0,0,0,0,0,0,0,0,0,0,0,0,0,0,0,0,0,0,0,0,0,0,0,0,0,1,0,0,0,0,0,0,0,0,0,0,0,0,0,0,1,0,0,0,0,0,0,0,0,0,0,0,0,0,0,0,0,0,0,0,1,0,0,0,0,0,0,0,0,0,0,0,0,0,0,0,0,0,0,0,0,0,0,0,0,0,0,0,0,0,0,0,0,1,0,0,0,0,0,0,0,0,0,0,0,0,3,0,0,0,0,0,0,0,4,0,0,0,31,95,0,0,0,3,0,0,0,3,1,0,0,6,0,10,0,7,0,0,0,0,0,0,0,0,119,122,0,8,0,0,0,0,0,0,0,0,0,0,0,0,25,0,0,0,0,0,0,0,0,0,0,17,0,0,0,0,0,0,0,6,0,3,0,0,0,0,0,5,0,0,10,0,23,34,0,14,24,0,15,22,0,0,0,33,0,0,0,0,0,0,0,2,5,20,0,0,0,8,0,0,0,3,9,6,9,0,0,0,18,0,0,0,0,0,0,0,0,0,0,0,0,16,0,0,0,0,0,0,0,0,5,8,347,0,0,14,75,0,0,337,0,0,0,0,0,123,0,0,10,334,0,0,0,0,0,0,0,0,13,0,0,0,0,0,241,0,0,0,0,0,0,0,0,91,0,0,0,24,0,63,186,0,0,
plus,p2_1_453,A->G,0,0,0,0,0,0,0,0,0,0,0,0,0,0,0,0,0,0,0,0,0,0,0,0,0,0,0,0,0,0,0,0,0,0,0,0,0,0,0,0,0,0,0,0,0,1,0,0,0,0,0,0,0,0,0,0,0,0,0,0,3,0,0,0,0,0,0,0,0,0,0,0,0,0,0,0,0,0,0,0,0,0,2,0,0,0,0,0,0,0,0,0,0,0,0,0,0,0,0,0,0,0,0,0,0,0,0,0,0,0,0,0,0,0,0,0,0,0,0,0,0,0,0,0,1,0,0,0,0,0,0,0,0,0,0,0,0,0,0,0,0,0,1,0,0,0,0,0,0,0,0,0,0,0,0,0,0,0,0,0,0,0,0,0,0,0,0,0,0,0,0,0,0,0,0,0,0,0,0,0,0,0,0,0,0,0,0,0,0,0,0,0,0,0,0,0,0,0,0,0,0,0,0,0,0,0,0,0,0,0,0,0,0,0,0,0,0,0,0,0,0,0,0,0,0,0,0,0,0,0,0,0,0,0,0,0,0,0,0,0,0,0,0,0,0,0,0,0,0,0,0,0,0,0,0,0,0,0,0,0,4,0,0,0,0,0,0,0,24,84,0,0,0,1,3,0,0,2,5,0,0,1,0,2,0,13,0,0,0,0,0,0,0,0,0,16,0,17,0,0,0,0,0,0,0,0,0,0,0,0,13,0,0,0,0,0,0,0,0,0,0,8,0,0,0,0,0,0,0,7,0,12,0,0,0,0,0,7,0,0,13,0,8,9,0,102,4,0,19,11,0,0,0,12,0,0,0,0,0,0,0,4,8,5,0,0,0,21,0,0,0,9,116,9,18,0,0,0,9,0,0,0,0,0,0,0,0,0,0,0,0,6,0,0,0,0,0,0,0,0,12,7,14,0,0,29,4,0,0,9,0,0,0,0,0,8,0,0,21,1,0,0,0,0,0,0,0,0,4,0,0,0,0,0,15,0,0,0,0,0,0,0,0,37,0,0,0,30,0,5,17,0,0,
plus,p2_1_453,A->C,0,0,0,0,0,0,0,0,0,0,0,0,0,0,0,0,0,0,0,0,0,0,0,0,0,0,0,0,0,0,0,0,0,0,0,0,0,0,0,0,0,0,0,0,0,0,0,0,0,0,0,0,0,0,0,0,0,0,0,0,1,0,0,0,0,0,0,0,0,0,0,0,1,0,0,0,0,1,0,0,0,0,0,0,0,0,0,0,0,0,0,0,0,0,0,0,0,0,0,0,0,0,0,0,0,0,1,0,0,0,0,0,0,0,0,0,0,0,1,0,0,0,0,1,0,0,0,0,0,0,0,0,0,0,0,1,0,0,0,0,0,0,0,0,0,0,0,0,0,0,0,0,0,1,0,0,0,0,0,0,0,0,0,0,0,0,0,0,0,0,0,0,0,0,0,0,0,0,0,0,0,0,0,0,0,0,0,0,0,0,1,0,0,0,0,0,0,0,0,1,0,0,0,0,0,0,0,0,0,0,0,0,0,0,0,0,0,0,0,0,0,0,0,1,0,0,0,0,0,0,0,0,0,0,0,0,0,0,0,0,0,0,0,0,0,0,0,0,0,0,0,0,0,0,0,0,0,0,0,0,0,0,0,0,0,0,0,0,8,42,0,0,0,4,1,0,0,3,6,0,0,3,0,4,0,8,0,0,0,0,0,0,0,0,6,11,0,8,0,0,0,0,0,0,0,0,0,0,0,0,3,0,0,0,0,0,0,0,0,0,0,1,0,0,0,0,0,0,0,5,0,4,0,0,0,0,0,4,0,0,16,0,13,15,0,14,19,0,14,15,0,0,0,5,0,0,0,0,0,0,0,8,10,23,0,0,0,12,0,0,0,7,11,16,12,0,0,0,19,0,0,0,0,0,0,0,0,0,0,0,0,7,0,0,0,0,0,0,0,0,7,18,24,0,0,8,6,0,0,15,0,0,0,0,0,40,0,0,17,60,0,0,0,0,0,0,0,0,62,0,0,0,0,0,28,0,0,0,0,0,0,0,0,17,0,0,0,22,0,4,3,0,0,
plus,p2_1_453,T->A,0,0,0,0,0,0,0,0,0,0,0,0,0,0,0,0,0,0,0,0,0,0,0,0,0,0,0,0,0,0,0,0,0,0,0,0,0,0,0,0,0,0,0,0,0,0,0,0,0,0,0,0,0,0,0,2,0,0,2,0,0,0,0,1432,0,3,0,0,0,0,0,0,0,0,0,0,0,0,0,1,0,0,0,0,0,0,0,0,0,0,0,7,0,0,0,0,0,0,0,0,0,0,1,0,0,0,0,0,0,0,0,0,0,0,0,0,0,0,0,0,0,0,0,0,0,0,0,0,0,0,0,0,0,0,0,0,0,0,0,2,0,0,0,0,0,0,0,0,0,0,0,0,0,0,0,0,1,0,0,0,0,1,0,0,0,0,0,1,0,0,0,0,0,0,0,0,0,0,0,0,0,0,0,0,0,0,0,0,0,0,0,0,0,0,0,0,2,0,0,0,0,1,0,0,0,0,0,0,0,0,0,0,0,0,0,0,0,0,0,0,0,0,0,0,0,0,0,0,0,0,0,0,0,0,0,0,0,0,0,0,0,0,0,0,0,0,0,0,0,0,0,0,0,0,0,0,0,0,0,0,0,0,0,0,0,0,0,0,0,0,0,0,0,0,0,0,0,0,0,0,45,0,1,0,4,0,0,0,171,0,18,0,2,58,0,0,40,0,0,29,3,3,10,113,0,15,8,60,0,0,0,0,25,0,0,5,0,9,0,4,3,0,0,29,7,3,3,0,0,0,3,0,0,29,19,0,0,0,0,9,0,0,0,0,0,0,0,0,0,0,85,0,45,0,0,36,149,0,33,0,0,0,0,0,22,0,7,0,10,0,0,0,0,0,0,0,2,0,0,5,0,0,187,0,0,0,0,2,0,0,11,0,19,50,9,0,0,10,22,0,0,0,0,53,0,0,0,75,0,0,14,42,5,6,8,0,0,41,0,0,7,32,10,35,0,40,0,36,0,0,1,5,15,35,0,45,67,0,16,0,36,0,0,0,3,0,36,0,0,0,0,2,0,
plus,p2_1_453,T->G,0,0,0,0,0,0,0,0,0,0,0,0,0,0,0,0,0,0,0,0,0,0,0,0,0,0,0,0,0,0,0,0,0,0,0,0,0,0,0,0,0,0,0,0,0,0,0,0,0,0,0,0,0,0,0,0,0,0,2,0,0,0,0,3,0,0,0,0,0,0,0,1,0,0,0,0,0,0,0,1,0,0,0,0,0,0,0,0,0,0,0,0,0,0,0,0,0,0,0,0,0,0,1,0,0,0,0,0,0,0,0,0,0,0,0,0,0,0,0,0,0,0,0,0,0,0,2,0,0,0,0,0,0,2,0,0,0,0,0,0,0,0,0,0,0,0,0,0,0,0,0,0,0,0,0,0,0,0,0,0,0,0,0,0,0,0,0,0,0,0,0,0,0,0,0,0,0,0,0,0,0,0,1,0,0,0,0,1,0,0,0,0,0,0,0,0,0,0,0,0,0,1,0,0,0,0,0,0,0,0,0,0,0,1,0,0,1,0,0,0,0,0,0,0,0,1,0,0,1,0,0,0,0,0,0,0,0,0,0,0,0,0,0,0,0,0,1,0,0,0,0,0,0,0,0,0,0,0,0,0,0,0,0,0,0,1,2,0,0,0,0,0,0,0,0,0,0,0,0,0,20,0,0,0,0,0,0,0,110,0,24,213,2,2,0,0,2,0,0,20,10,6,7,4,0,16,26,6,0,0,0,0,13,0,0,2,0,4,0,4,5,0,0,25,16,6,4,0,0,0,4,0,0,14,6,0,0,0,0,1,0,0,0,0,0,0,0,0,0,0,14,0,11,0,0,13,4,0,30,0,0,0,0,0,1,0,2,0,6,0,0,0,0,0,0,0,2,0,0,11,0,0,113,0,0,0,0,6,0,0,1,0,5,5,4,0,0,2,5,0,0,0,0,4,0,0,0,8,0,0,3,5,2,4,5,0,0,4,0,0,0,4,72,5,0,31,0,14,0,0,1,3,5,4,0,26,8,0,15,0,11,0,0,0,1,0,13,0,0,0,0,1,0,
plus,p2_1_453,T->C,0,0,0,0,0,0,0,0,0,0,0,0,0,0,0,0,0,0,0,0,0,0,0,0,0,0,0,0,0,0,0,0,0,0,0,0,0,0,0,0,1,0,0,0,0,0,0,0,0,0,0,0,0,0,0,0,0,0,0,0,0,0,0,1,0,1,0,0,0,1,0,1,0,0,0,0,0,0,0,0,0,0,0,0,0,0,0,0,0,0,0,0,0,0,0,0,1,0,0,0,0,0,0,0,0,0,0,0,0,0,0,0,0,0,0,0,0,0,0,0,0,0,0,0,0,0,0,0,0,0,0,0,0,0,1,0,0,0,0,1,0,0,0,0,0,0,0,0,0,0,0,0,0,0,0,0,0,0,0,0,0,0,0,0,0,1,0,0,0,0,1,0,0,0,0,0,0,0,2,0,0,0,1,0,1,0,0,0,0,0,0,0,0,0,0,0,0,0,0,0,0,0,0,0,0,0,1,0,0,0,0,1,0,0,0,0,0,0,0,0,0,0,0,0,0,0,0,0,0,0,0,0,0,0,1,0,0,0,0,0,0,0,0,0,0,0,0,0,0,0,0,0,0,1,0,0,0,1,0,0,0,0,0,0,0,2,0,0,0,0,0,0,0,0,0,0,0,0,0,0,15,0,5,0,1,0,0,0,109,0,27,7,9,12,0,0,1,0,0,27,6,3,10,8,0,12,13,9,0,0,0,0,66,0,0,126,0,7,0,7,9,0,0,26,12,8,4,0,0,0,6,0,0,27,8,0,0,0,0,30,0,0,0,0,0,0,0,0,0,0,10,0,25,0,0,28,6,0,36,0,0,0,0,0,45,0,332,0,11,0,0,0,0,0,0,0,14,0,0,14,0,0,112,0,0,0,0,12,0,0,9,0,14,10,188,0,0,116,197,0,0,0,0,11,0,0,0,9,0,0,20,11,6,20,11,0,0,19,0,0,18,5,5,9,0,29,0,39,0,0,365,409,83,15,0,12,6,0,18,0,24,0,0,0,14,0,12,0,0,0,0,2,0,
plus,p2_1_453,G->A,0,0,0,0,0,0,0,0,0,0,0,0,0,0,0,0,0,0,0,0,0,0,0,0,0,0,0,0,0,0,0,0,0,0,0,0,0,0,0,0,0,0,0,0,0,0,0,0,0,0,0,0,0,0,1,0,0,0,0,0,0,0,0,0,1,0,0,0,0,0,0,0,0,0,0,2,0,0,977,0,0,0,0,1,0,0,0,0,0,0,0,0,0,0,0,0,0,0,0,0,0,0,0,0,0,0,0,0,0,0,0,0,0,0,0,0,0,0,0,0,0,0,0,0,0,0,0,0,0,0,0,0,0,0,0,0,0,0,0,0,0,0,0,0,0,1,0,0,0,1,0,0,0,0,0,0,0,0,1,0,1,0,0,0,0,0,0,0,0,0,0,0,0,0,0,0,2,0,0,0,0,0,0,0,0,0,0,0,1,0,0,0,0,0,0,0,0,0,0,0,0,0,0,0,0,0,0,0,0,0,0,0,0,0,0,0,0,0,0,0,0,0,0,0,0,0,0,0,0,0,0,0,0,0,0,0,0,0,0,0,0,0,0,0,0,0,0,0,0,0,0,0,0,0,0,0,0,0,0,0,0,0,0,0,0,0,0,0,0,0,1,0,0,0,0,7,0,0,0,12,0,0,0,0,0,0,21,15,0,16,0,0,0,0,0,0,0,0,15,0,0,0,0,0,8,0,0,0,40,0,0,10,0,0,0,0,0,0,17,0,0,0,15,0,0,0,0,31,0,0,0,0,17,0,0,49,0,0,0,0,0,0,0,0,56,0,0,85,0,0,0,51,0,0,18,0,0,18,0,30,0,0,0,0,0,0,0,0,0,29,0,0,0,0,0,0,0,18,0,0,23,57,0,31,20,0,0,0,43,0,0,0,0,0,0,0,0,0,0,0,0,0,0,0,259,0,0,0,25,0,0,0,0,0,0,0,0,0,0,0,0,0,0,0,15,0,20,0,0,0,0,0,0,0,0,0,0,13,0,24,0,0,25,0,0,60,0,0,32,0,0,0,0,
plus,p2_1_453,G->T,0,0,0,0,0,0,0,0,0,0,0,0,0,0,0,0,0,0,0,0,0,0,0,0,0,0,0,0,0,0,0,0,0,0,0,0,0,0,0,0,0,0,0,0,0,0,0,0,0,0,0,0,0,0,0,0,0,0,0,0,0,0,0,0,32,0,0,0,0,0,0,0,0,0,0,0,0,0,31,0,19,0,0,0,1,0,0,0,0,0,0,0,0,0,0,0,0,0,0,0,0,0,0,0,0,0,0,0,0,0,0,0,0,0,0,0,1,0,0,0,0,0,0,0,0,0,0,0,0,2,0,0,0,0,0,0,0,0,0,0,0,0,0,1,0,1,0,0,0,0,0,0,0,0,0,0,0,0,0,0,0,0,0,0,0,0,0,0,0,0,0,0,0,0,0,0,0,1,0,0,0,0,0,0,0,0,0,0,0,0,0,0,0,0,0,0,0,0,0,0,0,0,0,0,0,0,0,0,1,0,0,0,0,0,0,0,0,0,0,0,0,0,0,0,1,0,0,0,0,0,0,0,0,0,0,1,0,0,0,0,0,0,1,0,0,0,0,0,0,0,0,0,0,0,0,0,0,0,0,0,0,0,0,0,0,0,0,0,0,0,0,0,0,0,0,4,0,0,0,5,0,0,0,0,0,0,5,5,0,8,0,0,0,0,0,0,0,0,94,0,0,0,0,0,140,0,0,0,22,0,0,24,0,0,0,0,0,0,8,0,0,0,8,0,0,0,0,8,0,0,0,0,24,0,0,7,0,0,0,0,0,0,0,0,5,0,0,3,0,0,0,17,0,0,43,0,0,40,0,5,0,0,0,0,0,0,0,0,0,5,0,0,0,0,0,0,0,11,0,0,51,17,0,8,23,0,0,0,9,0,0,0,0,0,0,0,0,0,0,0,0,0,0,0,15,0,0,0,10,0,0,0,0,0,0,0,0,0,0,0,0,0,0,0,439,0,15,0,0,0,0,0,0,0,0,0,0,243,0,26,0,0,21,0,0,15,0,0,16,0,0,0,0,
plus,p2_1_453,G->C,0,0,0,0,0,0,0,0,0,0,0,0,0,0,0,0,0,0,0,0,0,0,0,0,0,0,0,0,0,0,0,0,0,0,0,0,0,0,0,0,0,0,0,0,0,0,0,0,0,0,0,0,0,0,0,0,0,0,0,0,0,0,0,0,1,0,0,0,0,0,0,0,0,0,0,0,0,0,0,0,0,0,0,0,0,0,0,0,0,0,0,0,0,0,0,0,0,0,0,0,0,0,0,0,0,0,0,0,0,0,1,0,0,0,0,0,0,0,0,0,1,0,0,0,0,0,0,0,0,0,0,0,0,0,0,0,0,0,1,0,0,0,0,0,0,0,0,0,0,0,0,0,0,0,0,0,0,0,0,0,0,0,0,0,0,0,0,0,0,0,0,0,0,0,0,0,0,0,0,0,0,0,0,0,0,0,0,0,0,0,0,0,0,0,0,0,0,1,0,0,0,0,0,0,0,0,0,0,0,0,0,0,0,0,0,0,0,0,0,0,0,0,0,0,0,0,0,0,0,0,0,0,0,0,0,0,0,0,0,0,0,0,0,0,0,1,0,0,0,0,0,0,0,0,0,0,0,0,0,0,0,0,0,0,0,0,0,0,0,0,1,0,0,0,0,0,0,0,0,1,0,0,0,0,0,0,0,1,0,0,0,0,0,0,0,0,0,0,1,0,0,0,0,0,0,0,0,0,1,0,0,5,0,0,0,0,0,0,12,0,0,0,4,0,0,0,0,2,0,0,0,0,4,0,0,3,0,0,0,0,0,0,0,0,456,0,0,7,0,0,0,8,0,0,1,0,0,5,0,4,0,0,0,0,0,0,0,0,0,5,0,0,0,0,0,0,0,8,0,0,7,1,0,4,26,0,0,0,4,0,0,0,0,0,0,0,0,0,0,0,0,0,0,0,55,0,0,0,1,0,0,0,0,0,0,0,0,0,0,0,0,0,0,0,0,0,23,0,0,0,0,0,0,0,0,0,0,3,0,2,0,0,4,0,0,1,0,0,4,0,0,0,0,
plus,p2_1_453,C->A,0,0,0,0,0,0,0,0,0,0,0,0,0,0,0,0,0,0,0,0,0,0,0,0,0,0,0,0,0,0,0,0,0,0,0,0,0,0,0,0,0,0,0,0,0,0,0,0,0,0,0,1,0,0,0,0,0,0,0,0,0,0,0,0,0,0,0,0,0,0,0,0,0,0,0,0,0,0,0,0,0,0,0,0,0,0,0,0,0,0,0,0,0,0,1,0,0,0,0,0,0,0,0,0,0,0,0,0,0,0,0,0,0,0,0,0,0,0,0,0,0,0,0,0,0,0,0,0,0,0,0,0,0,0,0,0,0,0,0,0,0,0,0,0,0,0,0,2,0,0,0,0,0,0,0,0,0,0,0,0,0,0,0,0,0,0,0,0,0,0,0,0,1,0,0,0,0,0,0,0,1,0,0,0,0,0,0,0,0,0,0,0,0,0,0,0,0,0,0,0,0,0,0,0,0,0,0,0,0,0,0,0,1,0,0,0,0,0,0,0,0,0,0,0,0,0,0,0,0,0,0,0,0,0,0,0,0,1,0,0,0,0,0,0,0,0,0,0,0,0,0,0,0,0,0,0,0,0,1,0,0,0,0,0,0,0,0,2,0,0,0,4,8,0,0,0,8,0,0,0,0,0,0,0,0,0,0,0,0,0,0,0,0,0,0,0,0,0,0,0,0,0,0,0,0,0,0,0,0,10,0,0,0,22,16,0,10,0,0,0,0,0,0,0,0,0,0,0,10,0,0,0,0,0,0,0,12,0,8,0,0,7,0,0,0,0,0,0,0,0,0,0,0,0,0,0,0,0,0,0,11,0,0,0,0,14,0,0,0,0,58,0,0,0,0,16,0,0,0,0,0,0,0,0,0,14,21,0,0,13,0,0,0,0,0,12,18,0,0,63,0,0,0,0,0,0,0,0,0,0,0,0,0,0,0,0,18,0,0,0,0,0,0,0,0,0,0,0,0,19,0,0,0,0,0,0,0,0,0,0,0,18,0,0,0,0,0,0,0,0,0,0,0,
plus,p2_1_453,C->T,0,0,0,0,0,0,0,0,0,0,0,0,0,0,0,0,0,0,0,0,0,0,0,0,0,0,0,0,0,0,0,0,0,0,0,0,0,0,0,0,0,0,0,0,0,0,1858,0,0,0,0,0,0,0,0,0,0,0,0,0,0,0,0,0,0,0,0,1491,0,0,1,0,0,0,0,0,0,0,0,0,0,0,0,0,0,0,0,0,0,0,0,0,0,0,1,0,0,0,0,0,0,0,0,0,0,0,0,0,0,0,0,1,0,0,0,0,0,0,0,0,0,0,0,0,0,0,0,0,0,0,0,1,0,0,0,0,0,0,0,0,0,0,0,0,0,0,0,0,0,0,0,0,0,0,0,0,0,0,0,0,0,0,0,1,0,0,0,0,0,0,0,0,0,0,0,0,0,0,0,0,1,0,0,1,0,0,0,0,0,1,0,0,0,0,0,0,0,0,0,0,0,0,0,0,0,0,0,0,0,1,0,0,1,0,0,0,0,0,1,0,1,0,0,0,0,0,0,0,0,0,0,0,0,0,0,0,0,0,0,0,0,0,0,0,0,0,0,0,0,0,0,0,0,0,0,0,0,0,0,1,0,0,0,0,0,0,0,3,0,0,0,1,5,0,0,0,14,0,0,0,0,0,0,0,0,0,0,0,0,0,0,0,0,0,0,0,0,0,0,0,0,0,0,0,0,0,0,0,0,21,0,0,0,35,35,0,19,0,0,0,0,0,0,0,0,0,0,0,29,0,0,0,0,0,0,0,24,0,24,0,0,28,0,0,0,0,0,0,0,0,0,0,0,0,0,0,0,0,0,0,20,0,0,0,0,28,0,0,0,0,28,0,0,0,0,28,0,0,0,0,0,0,0,0,0,28,53,0,0,36,0,0,0,0,0,36,60,0,0,36,0,0,0,0,0,0,0,0,0,0,0,0,0,0,0,0,105,0,0,0,0,0,0,0,0,0,0,0,0,95,0,0,0,0,0,0,0,0,0,0,0,34,0,0,0,0,0,0,0,0,0,0,0,
plus,p2_1_453,C->G,0,0,0,0,0,0,0,0,0,0,0,0,0,0,0,0,0,0,0,0,0,0,0,0,0,0,0,0,0,0,0,0,0,0,0,0,0,0,0,0,0,0,0,0,0,0,0,0,0,0,0,0,0,0,0,0,0,0,0,0,0,0,0,0,0,0,0,1,0,0,0,0,0,0,0,0,0,0,0,0,0,0,0,0,0,0,0,0,0,0,0,0,0,0,0,0,0,0,0,0,0,0,0,0,0,0,0,0,0,0,0,0,0,0,1,0,0,0,0,0,0,1,0,0,0,0,0,0,0,0,0,0,0,0,0,0,0,0,0,0,0,0,0,0,0,0,0,1,0,0,0,0,0,0,0,0,0,0,0,0,0,0,0,1,0,0,0,0,0,0,0,0,1,0,0,0,0,0,0,0,0,0,0,0,0,0,0,0,0,0,0,0,0,0,0,0,0,0,0,0,0,0,0,0,0,0,0,0,0,0,0,0,0,0,0,0,0,0,0,0,0,0,0,0,0,0,0,0,0,0,0,0,0,1,0,0,0,0,0,0,0,0,0,0,0,0,0,0,0,0,0,0,0,0,0,0,0,0,0,0,0,0,0,0,0,0,0,2,0,0,0,10,1,0,0,0,4,0,0,0,0,0,0,0,0,0,0,0,0,0,0,0,0,0,0,0,0,0,0,0,0,0,0,0,0,0,0,0,0,6,0,0,0,6,6,0,1,0,0,0,0,0,0,0,0,0,0,0,3,0,0,0,0,0,0,0,6,0,2,0,0,2,0,0,0,0,0,0,0,0,0,0,0,0,0,0,0,0,0,0,5,0,0,0,0,1,0,0,0,0,2,0,0,0,0,4,0,0,0,0,0,0,0,0,0,7,2,0,0,2,0,0,0,0,0,7,3,0,0,4,0,0,0,0,0,0,0,0,0,0,0,0,0,0,0,0,3,0,0,0,0,0,0,0,0,0,0,0,0,4,0,0,0,0,0,0,0,0,0,0,0,11,0,0,0,0,0,0,0,0,0,0,0,
plus,p2_1_453,mutation rate,0,0,0,0,0,0,0,0,0,0,0,0.018867924809456,0,0,0,0,0,0,0,0,0,0,0,0,0,0,0,0.016129031777382,0,0,0,0,0,0,0,0,0,0,0,0,0.00051921082194895,0,0,0,0,0.00051840330706909,0.96319335699081,0,0,0,0,0.00051840330706909,0,0,0.00051921082194895,0.0010389609960839,0,0,0.0020964359864593,0,0.9627760052681,0,0.032890576869249,0.92458808422089,0.024081114679575,0.0025364616885781,0,0.9638095498085,0.0025300441775471,0.00063211127417162,0.00063251104438677,0.0012650220887735,0.00063251104438677,0,0,0.0012666244292632,0,0.00065789476502687,0.93618959188461,0.0018231540452689,0.018365472555161,0.00091827363939956,0.26190477609634,0.92378330230713,0.00091827363939956,0,0.00091827363939956,0,0,0,0,0.095890410244465,0,0,0.028169013559818,0,0.01492537278682,0,0,0,0,0,0.02941176481545,0,0,0,0.014705882407725,0,0,0,0.014492753893137,0.014492753893137,0,0,0.014285714365542,0,0.014084506779909,0,0.014084506779909,0,0.014084506779909,0.014084506779909,0,0.014084506779909,0.014084506779909,0,0.027777777984738,0,0,0.027397260069847,0,0.013333333656192,0,0.026315789669752,0.013157894834876,0.012987012974918,0.012987012974918,0,0.013333333656192,0.03999999910593,0,0,0.013333333656192,0.013333333656192,0,0.027397260069847,0,0.04166666790843,0,0.013513513840735,0,0,0,0.012987012974918,0,0,0.013157894834876,0,0.012987012974918,0,0.013157894834876,0.013157894834876,0,0.026315789669752,0,0.013157894834876,0,0.013157894834876,0,0,0.013157894834876,0,0.026315789669752,0,0,0.012987012974918,0.025974025949836,0.012987012974918,0.026315789669752,0,0.025974025949836,0,0.024691358208656,0.012345679104328,0.012048192322254,0,0,0.012345679104328,0.012345679104328,0.012345679104328,0.025000000372529,0,0,0,0,0,0.025974025949836,0.012987012974918,0,0.013333333656192,0,0.025974025949836,0,0,0,0,0.013698630034924,0,0.013157894834876,0.013157894834876,0.013157894834876,0.013157894834876,0.027397260069847,0.013888888992369,0,0,0.014492753893137,0,0.013698630034924,0,0.013698630034924,0,0,0.014285714365542,0.014084506779909,0.014285714365542,0,0,0.015151515603065,0,0,0,0,0.015384615398943,0.015384615398943,0.015151515603065,0,0.015151515603065,0,0,0,0,0.014492753893137,0.014705882407725,0,0.014705882407725,0.015151515603065,0,0,0,0,0,0,0.01492537278682,0,0,0.046875,0.015384615398943,0.015384615398943,0.015151515603065,0.058823529630899,0,0,0,0.013937282375991,0.0051457975059748,0.0024154589045793,0.027901785448194,0.059910770505667,0.080735929310322,0.00016312327352352,0.00081274384865537,0.00074388948269188,0.0005324530065991,0.00020863758982159,0.0023734585847706,0.0066378209739923,0.00059376546414569,0.00062689877813682,0.0015718945069239,0.0056023504585028,0.0025792189408094,0.00099188124295324,0.00084388186223805,0.00029254736728035,0.0010236536618322,0.00094804010586813,0.00075555877992883,0.014376077800989,0.0018842715071514,0.0023599425330758,0.007504946552217,0.00043867048225366,0.0024288219865412,0.0044258250854909,0.005402120295912,0.002214987995103,0.0023817510809749,0.0039581754244864,0.0025753108784556,0.00063741276971996,0.00043066323269159,0.00089353672228754,0.0041406508535147,0.0079492293298244,0.0014236996648833,0.0015152492560446,0.0024236547760665,0.0020900322124362,0.0012539386516437,0.0014154281234369,0.0012631844729185,0.0034469673410058,0.0019421665929258,0.001843148143962,0.0043733562342823,0.00097241869661957,0.00059037102619186,0.0017657445278019,0.00044209967018105,0.00053379201563075,0.00083041697507724,0.00097327906405553,0.0023835771717131,0.0010482179932296,0.00050950067816302,0.00033144510234706,0.0013366601197049,0.0012481055455282,0.00056493817828596,0.00038090773159638,0.00065111875301227,0.0015156280715019,0.0020267183426768,0.0010016312589869,0.0017077961238101,0.0015133344568312,0.00051428569713607,0.0011358914198354,0.0016451495466754,0.0017437741626054,0.0010387906804681,0.001213759649545,0.001625926583074,0.014183431863785,0.0035357794258744,0.0013294264208525,0.0027280119247735,0.001279283547774,0.0013194353086874,0.0043637910857797,0.0027085158508271,0.0024166009388864,0.0040188431739807,0.0032039401121438,0.0024171271361411,0.0044009513221681,0.002385149942711,0.0026603376027197,0.0011209885124117,0.00093916308833286,0.00039468490285799,0.00064536114223301,0.0015997523441911,0.0030302251689136,0.0011036110809073,0.0091190272942185,0.0013778043212369,0.00072757509769872,0.0010897485772148,0.002308270893991,0.00049829529598355,0.0035330180544406,0.00080277607776225,0.0015309246955439,0.0012685847468674,0.00048895977670327,0.00094677583547309,0.0012232727603987,0.00096872053109109,0.0020671174861491,0.0019161982927471,0.010821509175003,0.001111111138016,0.0017822089139372,0.0012674271129072,0.0019486179808155,0.00051521160639822,0.0013789366930723,0.0012781122932211,0.00054157845443115,0.00073401676490903,0.00093626038869843,0.0016018531750888,0.0049615600146353,0.0013573209289461,0.0020897358190268,0.0032480715308338,0.0061214682646096,0.0027548905927688,0.00080475583672523,0.00085375003982335,0.010075310245156,0.0026768641546369,0.0093006705865264,0.0016833728877828,0.0026570602785796,0.0026082287076861,0.0030562346801162,0.0097910901531577,0.00097475887741894,0.00163532292936,0.00032769530662335,0.00075797771569341,0.00059904152294621,0.0051201358437538,0.0042615761049092,0.0036049569025636,0.0018556648865342,0.015479023568332,0.00063303962815553,0.0010815161513165,0.0021626190282404,0.0012313413899392,0.014814814552665,0.0025989604182541,0.0023166022729129,0.0022463495843112,0.0022548479028046,0.0032148940954357,0.0090244738385081,0.01021683216095,0.0025018823798746,0.0013249582843855,0.013511189259589,0.0020322715863585,0.0021277121268213,0.010301109403372,0.0013962433440611,0.0025048779789358,0.0023497107904404,0.0040604015812278,0.0018085106275976,0.0050097261555493,0.0030171952676028,0.0045405984856188,0.0023020503576845,0.0039430274628103,0.0037647564895451,0.0019530720310286,0.0055969133973122,0.00013745327305514,0,
plus,p2_1_453,depth,44,44,44,44,44,44,49,49,49,49,49,53,53,53,53,53,53,53,53,53,53,57,60,60,60,60,62,62,62,62,61,62,62,63,63,62,1866,1871,1920,1925,1926,1927,1927,1928,1928,1929,1929,1927,1929,1929,1929,1929,1930,1932,1926,1925,1915,1915,1908,1903,1585,1585,1581,1578,1578,1577,78,1575,1581,1582,1581,1581,1581,1581,1577,1579,1572,1520,1097,1097,1089,1089,84,1089,1089,1090,1089,1091,1092,1092,73,73,71,73,71,73,67,67,67,68,69,69,68,68,68,68,68,68,68,68,69,69,70,70,70,71,71,71,71,71,71,71,71,71,71,71,72,72,72,73,74,75,75,76,76,77,77,75,75,75,76,76,75,75,73,73,73,72,73,74,75,75,77,77,77,77,76,76,77,75,76,76,76,76,75,76,76,76,76,77,76,76,76,76,77,77,77,77,76,76,77,81,81,81,83,81,81,81,81,81,80,80,80,80,78,79,77,77,78,75,77,77,76,76,73,73,73,76,76,76,76,76,73,72,72,72,69,73,73,73,73,71,71,70,71,70,68,66,66,66,66,66,66,65,65,66,66,66,66,66,66,67,69,68,64,68,66,67,66,67,68,67,67,67,64,64,64,65,65,66,68,102,219,220,287,583,828,896,1569,4620,18391,18456,18820,18781,19172,19381,20338,20210,20737,25447,25525,27140,27221,27255,27346,27353,27425,27794,27824,29189,29238,29314,29635,29644,29599,29618,29797,29810,30317,29511,29808,30186,30217,30430,30569,30203,31018,30945,31100,31102,31086,31666,31622,32438,32553,32698,33936,33877,33980,33929,33721,33718,33906,33563,33390,33366,33188,33666,33651,33632,34129,33788,34969,35032,34943,35133,35022,35000,36095,35863,36702,36581,36251,36287,36733,36767,36858,38123,37521,37895,37582,37659,38070,37573,37766,37648,36583,38572,38341,38359,38332,38005,38738,38756,38941,38963,37504,38467,38484,38541,38557,38130,38494,38616,39192,39414,38858,39080,39239,39227,39185,39140,38904,38700,38716,38661,39002,38819,40611,40685,40622,40871,40587,40578,40713,40521,40675,39408,39533,39566,38521,38653,39304,39225,39352,39207,39141,39107,39264,39730,38984,39136,39671,39579,40064,40038,40126,39945,39339,39925,39492,39759,40229,39794,40095,40016,40145,40065,39914,41681,40778,40815,41169,40756,40707,40841,40419,40384,37959,37926,37877,37681,37600,37527,37452,37440,37358,37281,37187,36865,36806,36376,35055,
plus,p2_1_453,total mismatches,22414,
plus,p2_1_453,total deletions,11294,
plus,p2_1_453,unambiguous deletions,4385,
plus,p2_1_453,mutations failing phred cutoff,0,


