	hek293t_1	hek293t_2	hela_1	hela_2
hsa-let-7a-2-3p	0	0	138	181
hsa-let-7a-3p	2723	3086	4656	9771
hsa-let-7a-5p	144397	105571	230903	469794
hsa-let-7b-3p	64	50	2721	1613
hsa-let-7b-5p	6718	5384	203526	228960
hsa-let-7c-3p	27	32	207	208
hsa-let-7c-5p	3167	2791	18410	26199
hsa-let-7d-3p	308	194	17016	9061
hsa-let-7d-5p	2362	1107	61439	110999
hsa-let-7e-3p	139	114	258	467
hsa-let-7e-5p	10056	7356	20312	45628
hsa-let-7f-1-3p	5	7	958	905
hsa-let-7f-2-3p	451	343	236	774
hsa-let-7f-5p	39761	31262	160322	318933
hsa-let-7g-3p	145	141	901	1302
hsa-let-7g-5p	18638	10399	55678	144566
hsa-let-7i-3p	43	54	3488	6153
hsa-let-7i-5p	3785	2836	303334	406653
hsa-miR-1-3p	63	29	2	0
hsa-miR-1-5p	0	1	0	0
hsa-miR-100-3p	0	0	534	487
hsa-miR-100-5p	82	47	52126	57455
hsa-miR-101-3p	76542	74834	27523	186508
hsa-miR-101-5p	282	273	817	950
hsa-miR-103a-2-5p	71	110	202	149
hsa-miR-103a-3p	157184	129821	67538	179939
hsa-miR-105-3p	0	1	161	453
hsa-miR-105-5p	1	7	6453	10568
hsa-miR-106a-5p	20492	10032	969	3651
hsa-miR-106b-3p	16255	22623	25732	22603
hsa-miR-106b-5p	153734	93836	18775	66902
hsa-miR-107	21281	19813	10075	35123
hsa-miR-10a-3p	1765	1340	378	809
hsa-miR-10a-5p	59616	60316	37059	28603
hsa-miR-10b-3p	568	810	286	267
hsa-miR-10b-5p	35210	46329	22583	17437
hsa-miR-1178-3p	0	3	2	1
hsa-miR-1179	45	26	28	39
hsa-miR-1180-3p	13591	16054	16039	14873
hsa-miR-1180-5p	259	338	487	219
hsa-miR-1181	0	1	0	0
hsa-miR-1185-1-3p	0	1	2	2
hsa-miR-1185-2-3p	0	0	2	1
hsa-miR-1193	0	3	7	5
hsa-miR-1197	0	1	0	0
hsa-miR-122-5p	6	16	169	28
hsa-miR-1224-3p	3	2	3	0
hsa-miR-1224-5p	16	25	25	24
hsa-miR-1225-3p	0	1	1	0
hsa-miR-1225-5p	0	1	0	0
hsa-miR-1226-3p	699	370	1515	644
hsa-miR-1226-5p	102	274	534	455
hsa-miR-1227-3p	27	30	45	25
hsa-miR-1228-3p	11	7	62	42
hsa-miR-1228-5p	4	2	30	28
hsa-miR-1229-3p	52	38	277	81
hsa-miR-1229-5p	1	4	14	11
hsa-miR-1231	0	0	0	1
hsa-miR-1233-3p	6	4	9	3
hsa-miR-1233-5p	3	1	6	4
hsa-miR-1234-3p	11	11	39	14
hsa-miR-1236-3p	9	5	30	11
hsa-miR-1236-5p	4	6	16	21
hsa-miR-1237-3p	56	42	138	38
hsa-miR-1237-5p	7	14	22	8
hsa-miR-1238-3p	3	1	5	1
hsa-miR-124-3p	51	51	2	0
hsa-miR-124-5p	4	7	0	0
hsa-miR-1243	34	45	0	1
hsa-miR-1246	598	769	572	96
hsa-miR-1247-3p	1	6	183	91
hsa-miR-1247-5p	339	101	5995	2326
hsa-miR-1248	1	4	0	1
hsa-miR-1249-3p	678	561	903	526
hsa-miR-1249-5p	3	8	35	16
hsa-miR-1250-3p	0	1	0	0
hsa-miR-1250-5p	90	161	0	0
hsa-miR-1252-3p	12	17	0	0
hsa-miR-1252-5p	44	26	0	0
hsa-miR-1253	0	1	0	0
hsa-miR-1254	110	275	1230	1030
hsa-miR-1255a	80	85	101	123
hsa-miR-1255b-2-3p	1	1	1	0
hsa-miR-1255b-5p	37	37	24	16
hsa-miR-1256	34	32	20	35
hsa-miR-1257	33	100	98	48
hsa-miR-1258	12	11	0	0
hsa-miR-125a-3p	364	482	2100	1799
hsa-miR-125a-5p	13654	9889	45454	29579
hsa-miR-125b-1-3p	3	1	1045	830
hsa-miR-125b-2-3p	178	323	958	1074
hsa-miR-125b-5p	2962	2953	19944	20769
hsa-miR-126-3p	4978	6308	12946	10128
hsa-miR-126-5p	1447	2182	4565	2783
hsa-miR-1260a	7	5	3	0
hsa-miR-1260b	363	1459	1134	163
hsa-miR-1262	105	156	133	126
hsa-miR-1264	1	0	0	0
hsa-miR-1266-3p	9	7	17	5
hsa-miR-1266-5p	42	55	101	92
hsa-miR-1267	1	0	2	10
hsa-miR-1268a	3521	8620	10773	2372
hsa-miR-1268b	3980	9617	11537	2905
hsa-miR-1269b	2135	2948	0	0
hsa-miR-127-3p	1	1	43	3
hsa-miR-127-5p	0	0	1	1
hsa-miR-1271-3p	191	354	0	0
hsa-miR-1271-5p	72	104	0	0
hsa-miR-1272	1	12	18	95
hsa-miR-1273a	1	0	0	0
hsa-miR-1273c	24	18	14	11
hsa-miR-1273d	5	13	8	205
hsa-miR-1273e	0	1	10	10
hsa-miR-1273f	0	0	1	0
hsa-miR-1273h-3p	1	1	0	0
hsa-miR-1275	466	906	1249	314
hsa-miR-1276	69	52	144	79
hsa-miR-1277-3p	1888	971	153	1571
hsa-miR-1277-5p	462	89	113	602
hsa-miR-1278	123	134	29	84
hsa-miR-128-1-5p	257	523	365	398
hsa-miR-128-3p	27384	29992	23382	39007
hsa-miR-1281	6	4	5	2
hsa-miR-1283	1	0	3	32
hsa-miR-1284	65	67	58	51
hsa-miR-1285-3p	86	143	221	221
hsa-miR-1285-5p	29	31	39	12
hsa-miR-1286	33	68	114	174
hsa-miR-1287-3p	26	16	8	24
hsa-miR-1287-5p	213	208	179	332
hsa-miR-1288-3p	14	16	6	8
hsa-miR-1288-5p	1	1	0	0
hsa-miR-1289	1	1	2	3
hsa-miR-129-1-3p	8	0	42	50
hsa-miR-129-2-3p	229	161	0	2
hsa-miR-129-5p	583	798	245	429
hsa-miR-1290	1	0	2	1
hsa-miR-1291	1	17	9	8
hsa-miR-1292-3p	16	19	24	3
hsa-miR-1292-5p	343	786	783	764
hsa-miR-1293	17	135	546	343
hsa-miR-1294	39	47	41	45
hsa-miR-1295a	329	484	0	0
hsa-miR-1296-3p	40	91	20	10
hsa-miR-1296-5p	8425	9045	2229	3911
hsa-miR-1298-5p	2	5	0	0
hsa-miR-1299	13	82	0	0
hsa-miR-1301-3p	2146	3890	4252	3482
hsa-miR-1301-5p	59	54	27	32
hsa-miR-1302	7	1	5	3
hsa-miR-1303	2662	2565	2004	3416
hsa-miR-1304-3p	0	0	1754	995
hsa-miR-1304-5p	579	531	641	512
hsa-miR-1305	598	707	613	855
hsa-miR-1306-3p	501	917	530	510
hsa-miR-1306-5p	4184	3596	2960	1452
hsa-miR-1307-3p	21112	41630	65484	73087
hsa-miR-1307-5p	28943	55548	23684	43891
hsa-miR-130a-3p	6	7	8227	15718
hsa-miR-130a-5p	0	0	206	263
hsa-miR-130b-3p	23390	17048	4090	9051
hsa-miR-130b-5p	5354	5783	3160	2018
hsa-miR-132-3p	4519	9575	11001	6892
hsa-miR-132-5p	467	1318	1269	997
hsa-miR-1322	16	47	1	1
hsa-miR-1323	0	0	1	1
hsa-miR-133a-3p	32	30	4	1
hsa-miR-133a-5p	5	3	0	0
hsa-miR-133b	3	0	1	0
hsa-miR-134-5p	1	4	2	3
hsa-miR-1343-3p	220	168	278	121
hsa-miR-1343-5p	2	3	127	75
hsa-miR-135a-3p	0	0	4	0
hsa-miR-135a-5p	16	9	7	7
hsa-miR-135b-3p	12	5	895	974
hsa-miR-135b-5p	187	83	20584	16697
hsa-miR-136-3p	0	0	4	3
hsa-miR-136-5p	0	0	1	0
hsa-miR-137	2	0	0	2
hsa-miR-138-1-3p	2	1	1	0
hsa-miR-138-2-3p	4	4	10	12
hsa-miR-138-5p	40	76	210	139
hsa-miR-139-3p	9	16	127	32
hsa-miR-139-5p	89	75	769	229
hsa-miR-140-3p	14425	17519	15712	34642
hsa-miR-140-5p	3376	3045	3182	4681
hsa-miR-141-3p	618	809	1192	792
hsa-miR-141-5p	8	4	34	6
hsa-miR-142-3p	80	157	88	94
hsa-miR-142-5p	23	16	28	14
hsa-miR-143-3p	6	13	54	33
hsa-miR-143-5p	0	0	1	0
hsa-miR-144-3p	5	5	26	30
hsa-miR-144-5p	0	1	2	8
hsa-miR-145-3p	2	1	5	1
hsa-miR-145-5p	7	8	61	15
hsa-miR-1468-3p	1	1	0	0
hsa-miR-1468-5p	89	131	65	73
hsa-miR-146a-3p	0	0	1	0
hsa-miR-146a-5p	102	82	36	15
hsa-miR-146b-3p	8	20	27	24
hsa-miR-146b-5p	1005	1123	2920	1732
hsa-miR-147a	2	0	0	0
hsa-miR-147b	266	251	55	117
hsa-miR-148a-3p	77114	87197	17536	24142
hsa-miR-148a-5p	1234	2147	304	387
hsa-miR-148b-3p	34556	29449	55297	78467
hsa-miR-148b-5p	859	643	2046	1968
hsa-miR-149-3p	37	64	79	38
hsa-miR-149-5p	1002	1045	1268	1065
hsa-miR-150-3p	0	2	2	0
hsa-miR-150-5p	18	8	12	1
hsa-miR-151a-3p	13749	24160	73676	58844
hsa-miR-151a-5p	23176	22008	54759	47710
hsa-miR-151b	510	813	2050	1789
hsa-miR-152-3p	856	1086	691	459
hsa-miR-152-5p	9	12	1	10
hsa-miR-153-3p	78	56	71	67
hsa-miR-153-5p	0	0	2	0
hsa-miR-1537-3p	224	71	9	45
hsa-miR-1537-5p	49	17	0	3
hsa-miR-1538	27	46	57	70
hsa-miR-1539	1	3	1	0
hsa-miR-154-3p	1	1	2	6
hsa-miR-155-5p	1	1	8	4
hsa-miR-15a-3p	285	352	85	226
hsa-miR-15a-5p	61098	50277	22348	43556
hsa-miR-15b-3p	6581	5144	6104	10554
hsa-miR-15b-5p	59128	30350	43177	46415
hsa-miR-16-1-3p	725	885	97	560
hsa-miR-16-2-3p	4498	5166	5600	6445
hsa-miR-16-5p	197917	130975	268437	181481
hsa-miR-17-3p	55115	63146	8573	24876
hsa-miR-17-5p	461059	342617	46755	142185
hsa-miR-181a-2-3p	340	614	1259	877
hsa-miR-181a-3p	1377	2359	321	365
hsa-miR-181a-5p	33319	67267	15436	26127
hsa-miR-181b-2-3p	24	28	19	53
hsa-miR-181b-3p	292	302	16	58
hsa-miR-181b-5p	20116	38533	13876	18570
hsa-miR-181c-3p	135	149	351	333
hsa-miR-181c-5p	2568	2407	1742	6045
hsa-miR-181d-3p	26	17	15	17
hsa-miR-181d-5p	1165	1537	2823	3731
hsa-miR-182-3p	155	132	97	192
hsa-miR-182-5p	10243	15515	62250	42902
hsa-miR-1825	0	0	1	0
hsa-miR-183-3p	269	174	455	347
hsa-miR-183-5p	5295	6908	18539	20325
hsa-miR-184	9	7	17	7
hsa-miR-185-3p	702	910	632	1145
hsa-miR-185-5p	8856	10253	12713	18641
hsa-miR-186-3p	1053	1933	1562	2716
hsa-miR-186-5p	103782	120191	224687	235320
hsa-miR-187-3p	908	938	9	2
hsa-miR-187-5p	30	18	0	0
hsa-miR-188-3p	99	110	50	95
hsa-miR-188-5p	2613	2917	2056	3094
hsa-miR-18a-3p	8232	9835	5269	3407
hsa-miR-18a-5p	292901	203213	14543	63733
hsa-miR-18b-5p	1365	2224	128	364
hsa-miR-1908-3p	160	104	184	77
hsa-miR-1908-5p	1066	908	1116	641
hsa-miR-1909-3p	42	42	57	54
hsa-miR-1909-5p	15	17	36	17
hsa-miR-190a-3p	45	33	20	94
hsa-miR-190a-5p	2080	1644	1235	4618
hsa-miR-190b	114	129	320	220
hsa-miR-191-3p	485	1148	3476	2493
hsa-miR-191-5p	19959	18981	93094	70934
hsa-miR-1910-3p	24	24	60	38
hsa-miR-1910-5p	147	121	599	195
hsa-miR-1911-5p	0	1	1	0
hsa-miR-1913	11	13	0	0
hsa-miR-1914-3p	138	255	548	565
hsa-miR-1914-5p	23	21	50	20
hsa-miR-1915-3p	99	144	798	706
hsa-miR-1915-5p	6	4	58	34
hsa-miR-192-3p	58	39	42	39
hsa-miR-192-5p	4632	3961	4842	3631
hsa-miR-193a-3p	836	877	8993	16880
hsa-miR-193a-5p	684	1064	18451	22205
hsa-miR-193b-3p	6367	4327	19661	11363
hsa-miR-193b-5p	351	541	1893	1211
hsa-miR-194-3p	96	83	75	61
hsa-miR-194-5p	3379	2497	2675	2439
hsa-miR-195-3p	111	133	576	505
hsa-miR-195-5p	1446	821	5635	3223
hsa-miR-196a-3p	188	196	528	2261
hsa-miR-196a-5p	17439	17613	68566	55733
hsa-miR-196b-3p	646	776	58	186
hsa-miR-196b-5p	48039	54686	24449	17105
hsa-miR-197-3p	5669	4280	11267	4663
hsa-miR-197-5p	84	72	220	97
hsa-miR-1973	0	3	0	1
hsa-miR-1976	20	27	79	68
hsa-miR-199a-3p	334	287	191	176
hsa-miR-199a-5p	22	11	31	34
hsa-miR-199b-3p	335	288	191	176
hsa-miR-199b-5p	314	287	33	87
hsa-miR-19a-3p	411952	327268	27763	90506
hsa-miR-19a-5p	1184	1463	161	340
hsa-miR-19b-1-5p	5612	7984	1727	2043
hsa-miR-19b-2-5p	4	29	6	2
hsa-miR-19b-3p	503325	457348	54226	148152
hsa-miR-200a-3p	114	74	205	13
hsa-miR-200a-5p	1	0	5	0
hsa-miR-200b-3p	99	41	236	8
hsa-miR-200b-5p	6	4	14	0
hsa-miR-200c-3p	1182	1294	3398	1588
hsa-miR-200c-5p	6	8	28	3
hsa-miR-202-3p	0	0	1	0
hsa-miR-202-5p	9	2	13	1
hsa-miR-203a-3p	25	18	3947	7929
hsa-miR-203a-5p	0	0	15	35
hsa-miR-203b-3p	1	0	8	1
hsa-miR-204-3p	8	13	3	6
hsa-miR-204-5p	135	170	42	46
hsa-miR-205-5p	1	1	7	13
hsa-miR-208a-3p	2	0	0	0
hsa-miR-208b-3p	1	2	3	0
hsa-miR-20a-3p	7234	7274	1256	2289
hsa-miR-20a-5p	646471	371831	38541	130243
hsa-miR-20b-5p	12	7	0	0
hsa-miR-21-3p	624	750	8469	8866
hsa-miR-21-5p	60208	61525	574211	831300
hsa-miR-210-3p	5062	7113	1380	7577
hsa-miR-210-5p	21	8	12	10
hsa-miR-211-5p	5	2	3	1
hsa-miR-2110	500	828	1064	906
hsa-miR-2113	2	0	0	0
hsa-miR-2114-3p	8	9	0	9
hsa-miR-2114-5p	101	99	40	149
hsa-miR-2115-3p	0	0	1	2
hsa-miR-2115-5p	1	2	10	0
hsa-miR-2116-3p	48	61	228	146
hsa-miR-2116-5p	22	15	51	61
hsa-miR-2117	0	0	0	3
hsa-miR-212-3p	296	638	343	259
hsa-miR-212-5p	15	75	42	24
hsa-miR-214-3p	4	6	2	1
hsa-miR-214-5p	0	0	1	0
hsa-miR-215-3p	2	3	1	4
hsa-miR-215-5p	83	83	54	47
hsa-miR-216a-3p	4	4	5	3
hsa-miR-216a-5p	103	93	45	30
hsa-miR-216b-3p	1	1	0	1
hsa-miR-216b-5p	92	108	7	2
hsa-miR-217	75	104	89	28
hsa-miR-218-1-3p	1044	891	0	0
hsa-miR-218-2-3p	4	5	0	0
hsa-miR-218-5p	64954	61867	7	52
hsa-miR-219a-1-3p	73	184	262	175
hsa-miR-219a-2-3p	1	0	0	0
hsa-miR-219a-5p	677	658	176	842
hsa-miR-219b-3p	9	21	3	15
hsa-miR-219b-5p	37	40	53	31
hsa-miR-22-3p	13105	12478	71376	45106
hsa-miR-22-5p	1184	1018	1392	3090
hsa-miR-221-3p	311991	501388	68298	106741
hsa-miR-221-5p	1100	3909	1116	627
hsa-miR-222-3p	314600	562315	158805	150497
hsa-miR-222-5p	8109	10432	1481	1633
hsa-miR-223-3p	1	1	3	3
hsa-miR-224-3p	0	0	798	934
hsa-miR-224-5p	8	11	31229	75261
hsa-miR-2276-3p	42	43	109	77
hsa-miR-2276-5p	6	11	21	13
hsa-miR-2277-3p	442	329	253	182
hsa-miR-2277-5p	344	465	403	324
hsa-miR-2278	159	220	195	166
hsa-miR-2355-3p	102	90	72	177
hsa-miR-2355-5p	118	132	38	140
hsa-miR-23a-3p	2836	3195	292877	194341
hsa-miR-23a-5p	110	182	8064	5230
hsa-miR-23b-3p	13141	11692	63879	55696
hsa-miR-23b-5p	152	165	695	447
hsa-miR-23c	14	3	19	19
hsa-miR-24-1-5p	258	247	1245	1148
hsa-miR-24-2-5p	96	83	10519	8953
hsa-miR-24-3p	13656	12162	395390	287830
hsa-miR-2467-3p	5	7	11	17
hsa-miR-2467-5p	26	127	116	210
hsa-miR-25-3p	169880	233791	187648	163080
hsa-miR-25-5p	1752	2943	4170	2358
hsa-miR-26a-1-3p	13	49	76	34
hsa-miR-26a-2-3p	91	92	141	208
hsa-miR-26a-5p	63484	58182	141716	157377
hsa-miR-26b-3p	68	116	333	195
hsa-miR-26b-5p	28470	21206	40636	52873
hsa-miR-27a-3p	5446	5276	481909	327071
hsa-miR-27a-5p	73	118	10099	5738
hsa-miR-27b-3p	34167	32913	90600	114625
hsa-miR-27b-5p	558	869	3182	2449
hsa-miR-28-3p	2431	2882	21075	18721
hsa-miR-28-5p	2591	1555	10377	10483
hsa-miR-296-3p	6575	8858	49	101
hsa-miR-296-5p	1943	2771	44	21
hsa-miR-298	2	3	0	0
hsa-miR-299-3p	0	2	2	2
hsa-miR-299-5p	2	0	0	1
hsa-miR-29a-3p	26765	28579	123856	143036
hsa-miR-29a-5p	573	713	2146	3852
hsa-miR-29b-1-5p	277	302	2014	1248
hsa-miR-29b-2-5p	524	526	238	551
hsa-miR-29b-3p	10994	9341	42396	24635
hsa-miR-29c-3p	42245	32438	5183	22348
hsa-miR-29c-5p	1441	1849	1330	1224
hsa-miR-301a-3p	7580	5589	3981	9126
hsa-miR-301a-5p	625	776	341	875
hsa-miR-301b-3p	1273	1103	1051	1125
hsa-miR-301b-5p	156	297	55	148
hsa-miR-302a-3p	4	2	1	0
hsa-miR-302a-5p	1	3	3	0
hsa-miR-302b-3p	3	0	0	2
hsa-miR-302c-3p	1	3	0	0
hsa-miR-302c-5p	2	0	0	0
hsa-miR-302d-3p	4	3	1	0
hsa-miR-302d-5p	0	0	1	0
hsa-miR-3064-3p	11	9	35	16
hsa-miR-3064-5p	17	23	35	44
hsa-miR-3065-3p	138	207	190	157
hsa-miR-3065-5p	393	722	696	724
hsa-miR-3074-3p	140	125	143	83
hsa-miR-3074-5p	280	359	185	217
hsa-miR-30a-3p	2136	2874	26891	26965
hsa-miR-30a-5p	26428	33066	239151	464728
hsa-miR-30b-3p	103	179	448	306
hsa-miR-30b-5p	18154	13543	30750	31560
hsa-miR-30c-1-3p	168	311	579	436
hsa-miR-30c-2-3p	243	507	3745	3766
hsa-miR-30c-5p	47602	40584	144003	145274
hsa-miR-30d-3p	321	392	551	775
hsa-miR-30d-5p	40287	41662	121004	103896
hsa-miR-30e-3p	6598	8225	9056	10733
hsa-miR-30e-5p	60828	64482	50079	129212
hsa-miR-31-3p	536	528	2990	3703
hsa-miR-31-5p	8788	7952	71533	66703
hsa-miR-3115	109	121	77	60
hsa-miR-3116	12	10	13	28
hsa-miR-3117-3p	0	1	0	0
hsa-miR-3118	1	0	2	2
hsa-miR-3120-3p	43	35	12	7
hsa-miR-3120-5p	3	4	0	0
hsa-miR-3121-3p	22	15	4	6
hsa-miR-3121-5p	1	1	3	1
hsa-miR-3122	3	3	6	4
hsa-miR-3124-3p	2	1	9	3
hsa-miR-3124-5p	14	17	32	38
hsa-miR-3126-3p	4	12	20	15
hsa-miR-3126-5p	24	21	124	89
hsa-miR-3127-3p	53	55	75	41
hsa-miR-3127-5p	76	83	50	57
hsa-miR-3128	27	13	16	19
hsa-miR-3129-3p	8	8	2	0
hsa-miR-3129-5p	1	4	1	1
hsa-miR-3130-3p	54	144	30	18
hsa-miR-3130-5p	63	83	63	34
hsa-miR-3131	37	49	65	43
hsa-miR-3132	0	0	2	5
hsa-miR-3133	18	28	9	11
hsa-miR-3134	6	6	0	2
hsa-miR-3135a	3	1	1	5
hsa-miR-3136-3p	0	2	1	0
hsa-miR-3136-5p	190	141	14	60
hsa-miR-3137	8	7	4	1
hsa-miR-3138	37	35	41	42
hsa-miR-3139	20	7	3	7
hsa-miR-3140-3p	71	98	65	71
hsa-miR-3140-5p	18	9	8	3
hsa-miR-3141	17	29	16	6
hsa-miR-3143	24	26	34	65
hsa-miR-3144-3p	788	717	0	2
hsa-miR-3144-5p	58	29	0	0
hsa-miR-3145-3p	16	36	14	35
hsa-miR-3145-5p	30	15	5	9
hsa-miR-3146	28	18	17	14
hsa-miR-3148	0	1	3	1
hsa-miR-3149	11	13	3	5
hsa-miR-3150a-3p	24	56	45	24
hsa-miR-3150a-5p	74	64	55	28
hsa-miR-3150b-3p	0	1	0	0
hsa-miR-3151-5p	1	5	0	0
hsa-miR-3153	1	8	10	5
hsa-miR-3155a	61	66	18	23
hsa-miR-3155b	1	3	3	0
hsa-miR-3157-3p	39	27	8	8
hsa-miR-3157-5p	244	207	62	32
hsa-miR-3158-3p	417	663	335	223
hsa-miR-3158-5p	62	94	35	10
hsa-miR-3159	5	8	2	1
hsa-miR-3160-3p	15	22	5	17
hsa-miR-3160-5p	2	6	2	1
hsa-miR-3161	22	15	0	0
hsa-miR-3162-3p	0	2	2	0
hsa-miR-3162-5p	12	7	19	8
hsa-miR-3163	6	5	35	32
hsa-miR-3164	18	41	10	14
hsa-miR-3165	13	11	3	6
hsa-miR-3168	0	1	0	0
hsa-miR-3170	8	6	5	7
hsa-miR-3171	60	78	0	0
hsa-miR-3173-3p	49	40	33	18
hsa-miR-3173-5p	374	422	182	99
hsa-miR-3174	16	20	33	28
hsa-miR-3175	5	6	5	4
hsa-miR-3176	1093	1655	3109	2014
hsa-miR-3177-3p	274	280	129	92
hsa-miR-3177-5p	13	16	12	7
hsa-miR-3178	1	1	2	0
hsa-miR-3179	184	184	37	36
hsa-miR-3180	98	174	83	28
hsa-miR-3180-3p	98	174	82	28
hsa-miR-3180-5p	10	14	6	1
hsa-miR-3181	14	11	31	9
hsa-miR-3183	4	14	9	18
hsa-miR-3184-3p	7	4	28	18
hsa-miR-3184-5p	17	12	32	14
hsa-miR-3185	0	0	2	1
hsa-miR-3187-3p	618	711	3528	1298
hsa-miR-3187-5p	15	27	50	27
hsa-miR-3188	9	16	40	34
hsa-miR-3189-3p	2	0	3	3
hsa-miR-3189-5p	0	0	2	2
hsa-miR-3190-3p	5	6	30	30
hsa-miR-3190-5p	0	0	0	1
hsa-miR-3191-3p	2	5	8	11
hsa-miR-3191-5p	1	2	8	4
hsa-miR-3192-3p	4	5	2	0
hsa-miR-3192-5p	27	21	11	13
hsa-miR-3193	0	1	18	14
hsa-miR-3194-3p	1	3	21	16
hsa-miR-3194-5p	5	7	60	20
hsa-miR-3197	5	0	126	57
hsa-miR-3198	25	43	68	58
hsa-miR-3199	16	12	57	41
hsa-miR-32-3p	2104	2204	1593	1996
hsa-miR-32-5p	14018	11763	7102	12098
hsa-miR-3200-3p	504	535	269	262
hsa-miR-3200-5p	27	55	18	17
hsa-miR-3202	1	1	1	2
hsa-miR-320a	77190	102708	131467	161784
hsa-miR-320b	3020	8265	12567	9749
hsa-miR-320c	1235	3489	6485	3234
hsa-miR-320d	415	1656	2669	1331
hsa-miR-320e	4	9	25	13
hsa-miR-323a-3p	2	0	5	1
hsa-miR-323a-5p	0	0	2	0
hsa-miR-323b-3p	1	0	5	2
hsa-miR-324-3p	6229	7886	10861	11185
hsa-miR-324-5p	8987	8232	18298	27150
hsa-miR-326	424	450	1713	1669
hsa-miR-328-3p	880	981	1122	698
hsa-miR-328-5p	12	18	12	16
hsa-miR-329-3p	2	3	8	0
hsa-miR-330-3p	1107	1299	12920	12631
hsa-miR-330-5p	1087	1298	15364	10638
hsa-miR-331-3p	7160	7580	10510	5443
hsa-miR-331-5p	724	864	1233	982
hsa-miR-335-3p	4	3	3006	1875
hsa-miR-335-5p	2	5	2280	3194
hsa-miR-337-5p	0	0	1	0
hsa-miR-338-3p	1306	2022	24	60
hsa-miR-338-5p	41	80	2	2
hsa-miR-339-3p	2625	3521	2301	2141
hsa-miR-339-5p	14469	16077	5944	7158
hsa-miR-33a-3p	369	414	414	518
hsa-miR-33a-5p	2095	4853	1502	5704
hsa-miR-33b-3p	296	371	2000	836
hsa-miR-33b-5p	517	1297	2029	2728
hsa-miR-340-3p	2088	1386	1630	1072
hsa-miR-340-5p	22167	19408	3636	13340
hsa-miR-342-3p	6440	5639	34215	14772
hsa-miR-342-5p	348	613	3165	1650
hsa-miR-345-3p	50	98	59	96
hsa-miR-345-5p	6000	7543	10438	11237
hsa-miR-346	591	490	0	0
hsa-miR-34a-3p	542	299	102	263
hsa-miR-34a-5p	29749	22372	4006	19534
hsa-miR-34b-3p	2	11	1	0
hsa-miR-34b-5p	22	39	0	3
hsa-miR-34c-3p	5	6	2	0
hsa-miR-34c-5p	64	121	6	10
hsa-miR-3591-5p	0	0	3	6
hsa-miR-3605-3p	51	54	73	45
hsa-miR-3605-5p	14	14	34	18
hsa-miR-3607-3p	11	19	22	13
hsa-miR-3607-5p	5	1	2	11
hsa-miR-3609	7	5	2	1
hsa-miR-361-3p	1305	1799	5461	5121
hsa-miR-361-5p	12633	11908	7367	10552
hsa-miR-3610	1	0	0	1
hsa-miR-3611	308	279	93	297
hsa-miR-3613-3p	223	130	183	142
hsa-miR-3613-5p	3477	3214	954	2833
hsa-miR-3614-3p	0	0	11	14
hsa-miR-3614-5p	0	0	59	24
hsa-miR-3615	4179	4944	6637	5000
hsa-miR-3616-3p	18	9	0	0
hsa-miR-3616-5p	11	3	0	0
hsa-miR-3617-5p	5	3	1	3
hsa-miR-3618	1	1	0	0
hsa-miR-3619-3p	30	31	105	61
hsa-miR-3619-5p	111	96	210	238
hsa-miR-362-3p	4990	2844	1484	2509
hsa-miR-362-5p	1008	1548	1960	1759
hsa-miR-3620-3p	251	126	531	199
hsa-miR-3620-5p	29	37	85	62
hsa-miR-3621	0	0	0	1
hsa-miR-3622a-3p	0	0	6	5
hsa-miR-3622a-5p	3	2	15	20
hsa-miR-3622b-3p	0	0	1	1
hsa-miR-363-3p	0	1	0	0
hsa-miR-3646	0	0	9	4
hsa-miR-3648	79	136	218	116
hsa-miR-3651	6	11	6	6
hsa-miR-3652	2	17	1	3
hsa-miR-3653-3p	0	1	7	3
hsa-miR-3653-5p	9	77	34	78
hsa-miR-3654	1	0	1	0
hsa-miR-3655	0	1	1	0
hsa-miR-3656	0	1	0	0
hsa-miR-3657	352	276	135	208
hsa-miR-3658	0	0	0	1
hsa-miR-3659	34	32	1	4
hsa-miR-365a-3p	6766	3206	17318	18589
hsa-miR-365a-5p	168	150	649	282
hsa-miR-365b-3p	6765	3206	17317	18589
hsa-miR-365b-5p	30	19	964	479
hsa-miR-3660	30	24	0	0
hsa-miR-3661	37	65	34	14
hsa-miR-3662	64	94	39	43
hsa-miR-3663-3p	59	34	3	1
hsa-miR-3663-5p	14	13	0	0
hsa-miR-3664-3p	2	0	0	0
hsa-miR-3664-5p	2	0	0	0
hsa-miR-3667-3p	3	0	606	729
hsa-miR-3667-5p	1	0	206	394
hsa-miR-367-3p	3	6	1	0
hsa-miR-3672	0	0	0	1
hsa-miR-3675-5p	0	1	0	0
hsa-miR-3677-3p	175	307	685	216
hsa-miR-3677-5p	27	23	13	17
hsa-miR-3678-3p	0	0	3	2
hsa-miR-3678-5p	0	0	1	1
hsa-miR-3679-3p	11	5	6	7
hsa-miR-3679-5p	318	265	348	130
hsa-miR-3680-3p	16	31	21	18
hsa-miR-3680-5p	38	35	3	29
hsa-miR-3681-5p	0	0	1	0
hsa-miR-3682-3p	10	7	12	17
hsa-miR-3682-5p	3	1	7	4
hsa-miR-3684	110	93	32	50
hsa-miR-3685	18	14	20	17
hsa-miR-3687	66	128	137	163
hsa-miR-3688-3p	30	40	19	18
hsa-miR-3688-5p	1	0	0	0
hsa-miR-3689a-5p	0	2	1	0
hsa-miR-3689b-5p	0	2	1	0
hsa-miR-3689e	0	2	1	0
hsa-miR-3689f	1	1	0	0
hsa-miR-369-3p	1	7	42	30
hsa-miR-369-5p	1	0	4	0
hsa-miR-3690	1	0	1	0
hsa-miR-3691-3p	45	35	24	44
hsa-miR-3691-5p	66	138	296	195
hsa-miR-3692-3p	0	1	6	3
hsa-miR-3692-5p	4	11	2	5
hsa-miR-370-3p	0	1	1	1
hsa-miR-372-3p	0	0	0	1
hsa-miR-373-3p	1	0	2	2
hsa-miR-374a-3p	3631	4040	2168	5095
hsa-miR-374a-5p	89787	80314	55949	119201
hsa-miR-374b-3p	954	620	536	797
hsa-miR-374b-5p	34168	25236	30160	26175
hsa-miR-374c-3p	0	1	0	0
hsa-miR-374c-5p	401	293	326	252
hsa-miR-375	1562	2120	231	117
hsa-miR-376a-3p	0	0	1	0
hsa-miR-376a-5p	0	0	1	0
hsa-miR-376b-3p	1	2	1	3
hsa-miR-376b-5p	0	0	2	0
hsa-miR-376c-3p	0	4	5	5
hsa-miR-376c-5p	0	0	2	0
hsa-miR-377-3p	0	0	0	1
hsa-miR-378a-3p	93220	136223	152992	140086
hsa-miR-378a-5p	4098	5306	2898	4603
hsa-miR-378b	1	7	0	5
hsa-miR-378c	7872	17535	4761	16170
hsa-miR-378d	1378	6380	982	4657
hsa-miR-378e	25	25	16	16
hsa-miR-378f	0	1	0	1
hsa-miR-378g	17	22	36	39
hsa-miR-378h	0	1	0	0
hsa-miR-378i	4	8	5	11
hsa-miR-379-3p	0	0	1	0
hsa-miR-379-5p	1	2	5	5
hsa-miR-380-5p	0	1	0	0
hsa-miR-381-3p	3	1	5	3
hsa-miR-382-3p	0	0	1	0
hsa-miR-382-5p	0	2	6	2
hsa-miR-383-5p	11	3	0	1
hsa-miR-3907	2	1	4	8
hsa-miR-3908	2	3	0	0
hsa-miR-3909	430	462	119	173
hsa-miR-3910	3	0	33	207
hsa-miR-3911	22	27	153	94
hsa-miR-3912-3p	73	54	33	66
hsa-miR-3912-5p	9	14	10	23
hsa-miR-3913-3p	9	2	9	23
hsa-miR-3913-5p	11	32	26	58
hsa-miR-3916	1	4	2	3
hsa-miR-3917	3	4	6	4
hsa-miR-3918	4	7	3	0
hsa-miR-3919	0	1	0	0
hsa-miR-3922-3p	16	28	22	19
hsa-miR-3922-5p	3	2	1	0
hsa-miR-3923	1	1	0	1
hsa-miR-3925-3p	2	1	0	0
hsa-miR-3925-5p	0	0	2	0
hsa-miR-3926	1	0	2	2
hsa-miR-3928-3p	195	265	608	445
hsa-miR-3928-5p	7	6	8	8
hsa-miR-3929	0	13	24	6
hsa-miR-3934-3p	6	4	11	19
hsa-miR-3934-5p	26	19	248	205
hsa-miR-3935	0	0	72	34
hsa-miR-3936	4	3	15	18
hsa-miR-3937	2	1	0	1
hsa-miR-3938	38	39	0	0
hsa-miR-3939	35	52	21	15
hsa-miR-3940-3p	62	33	96	38
hsa-miR-3940-5p	88	75	82	88
hsa-miR-3941	2	3	9	5
hsa-miR-3942-3p	12	11	3	7
hsa-miR-3942-5p	22	28	17	15
hsa-miR-3943	15	21	2	1
hsa-miR-3944-3p	198	319	187	135
hsa-miR-3944-5p	12	12	24	4
hsa-miR-3960	0	0	1	1
hsa-miR-409-3p	1	0	7	5
hsa-miR-410-3p	1	0	6	1
hsa-miR-411-3p	1	0	0	1
hsa-miR-411-5p	2	0	4	1
hsa-miR-412-5p	0	0	0	2
hsa-miR-421	5568	3793	6398	4949
hsa-miR-423-3p	58007	74095	148396	108288
hsa-miR-423-5p	31847	28516	67856	41765
hsa-miR-424-3p	2183	1622	1456	1519
hsa-miR-424-5p	15667	11681	6992	13211
hsa-miR-425-3p	1544	2530	6742	7271
hsa-miR-425-5p	19213	25632	88405	78919
hsa-miR-4254	20	23	6	13
hsa-miR-4284	1	3	4	2
hsa-miR-4286	42	36	11	9
hsa-miR-429	24	17	54	1
hsa-miR-431-5p	0	0	6	1
hsa-miR-4317	0	0	0	1
hsa-miR-432-5p	0	0	7	1
hsa-miR-4322	0	0	1	0
hsa-miR-4323	1	0	0	0
hsa-miR-4326	526	787	2342	2465
hsa-miR-433-3p	1	0	0	1
hsa-miR-433-5p	0	0	0	1
hsa-miR-4330	0	0	1	0
hsa-miR-4417	0	5	2	0
hsa-miR-4419b	0	1	0	0
hsa-miR-4421	138	120	2	18
hsa-miR-4422	5	7	7	6
hsa-miR-4423-3p	5	6	0	0
hsa-miR-4423-5p	25	37	2	0
hsa-miR-4424	18	15	1	4
hsa-miR-4425	2	2	4	0
hsa-miR-4426	0	0	2	0
hsa-miR-4427	0	0	5	12
hsa-miR-4428	19	23	3	2
hsa-miR-4429	1	1	1	2
hsa-miR-4433a-3p	1	1	0	0
hsa-miR-4433a-5p	0	1	0	0
hsa-miR-4433b-3p	0	1	0	2
hsa-miR-4433b-5p	2	2	1	2
hsa-miR-4435	1	3	39	19
hsa-miR-4436b-3p	0	0	1	0
hsa-miR-4436b-5p	0	0	2	0
hsa-miR-4440	35	45	236	187
hsa-miR-4442	0	1	6	1
hsa-miR-4443	24	71	3	9
hsa-miR-4444	1	12	7	9
hsa-miR-4446-3p	3	4	0	0
hsa-miR-4448	0	5	0	1
hsa-miR-4449	6	2	32	11
hsa-miR-4450	0	0	0	2
hsa-miR-4451	0	1	0	0
hsa-miR-4452	0	1	0	0
hsa-miR-4453	1	0	0	0
hsa-miR-4454	164	114	178	101
hsa-miR-4457	1	4	18	6
hsa-miR-4458	3	6	1	0
hsa-miR-4460	0	1	1	0
hsa-miR-4461	37	40	22	37
hsa-miR-4462	0	0	2	1
hsa-miR-4463	2	4	2	0
hsa-miR-4466	91	224	915	421
hsa-miR-4467	533	466	44	26
hsa-miR-4469	0	4	8	12
hsa-miR-4470	22	20	29	22
hsa-miR-4473	451	230	131	194
hsa-miR-4474-3p	139	168	60	125
hsa-miR-4474-5p	22	12	0	2
hsa-miR-4475	1	1	0	1
hsa-miR-4476	0	0	2	0
hsa-miR-4477a	14	3	7	6
hsa-miR-4477b	4	7	0	0
hsa-miR-4479	8	8	57	70
hsa-miR-448	0	1	0	0
hsa-miR-4480	0	0	21	43
hsa-miR-4482-3p	0	0	288	214
hsa-miR-4482-5p	0	0	105	144
hsa-miR-4484	247	389	139	101
hsa-miR-4485-3p	49	102	79	9
hsa-miR-4485-5p	171	224	134	58
hsa-miR-4487	0	0	0	1
hsa-miR-4488	0	3	3	0
hsa-miR-4489	0	1	2	3
hsa-miR-4492	1	0	0	0
hsa-miR-4497	0	1	0	0
hsa-miR-4498	10	8	21	13
hsa-miR-449a	868	628	155	270
hsa-miR-449b-3p	3	5	2	2
hsa-miR-449b-5p	36	86	21	16
hsa-miR-449c-3p	7	7	0	3
hsa-miR-449c-5p	133	341	126	145
hsa-miR-4501	30	28	0	0
hsa-miR-4502	4	8	22	12
hsa-miR-4503	0	0	0	2
hsa-miR-4504	20	12	25	11
hsa-miR-4507	0	1	0	0
hsa-miR-4508	0	1	3	0
hsa-miR-450a-1-3p	98	61	21	47
hsa-miR-450a-2-3p	147	113	38	64
hsa-miR-450a-5p	5425	4283	945	2708
hsa-miR-450b-3p	29	38	6	24
hsa-miR-450b-5p	2489	1886	725	1130
hsa-miR-4511	13	10	25	10
hsa-miR-4512	38	16	11	11
hsa-miR-4515	6	8	6	3
hsa-miR-4517	4	144	54	95
hsa-miR-4518	0	2	0	0
hsa-miR-4519	2	2	2	0
hsa-miR-451a	7	7	93	52
hsa-miR-452-3p	1	0	4421	8812
hsa-miR-452-5p	4	3	13830	33161
hsa-miR-4520-2-3p	0	0	1	0
hsa-miR-4520-3p	0	0	1	0
hsa-miR-4521	7555	36838	4569	17766
hsa-miR-4522	1	3	3	1
hsa-miR-4523	179	180	43	64
hsa-miR-4524a-3p	1	1	0	0
hsa-miR-4524a-5p	1	0	0	1
hsa-miR-4525	34	16	98	34
hsa-miR-4526	0	2	0	0
hsa-miR-4529-3p	0	1	0	0
hsa-miR-4531	0	1	0	0
hsa-miR-4532	3	3	1	0
hsa-miR-4533	10	7	0	0
hsa-miR-454-3p	9278	10048	7317	12610
hsa-miR-454-5p	423	328	606	554
hsa-miR-455-3p	3040	2577	1117	1280
hsa-miR-455-5p	1395	1568	419	737
hsa-miR-4635	1	0	0	0
hsa-miR-4636	0	0	0	1
hsa-miR-4637	6	4	6	7
hsa-miR-4638-3p	7	9	47	45
hsa-miR-4638-5p	2	2	9	4
hsa-miR-4639-3p	2	3	1	2
hsa-miR-4639-5p	4	5	0	3
hsa-miR-4640-3p	1	3	23	10
hsa-miR-4640-5p	2	1	16	23
hsa-miR-4641	0	1	0	0
hsa-miR-4642	2	1	6	2
hsa-miR-4643	5	3	0	0
hsa-miR-4644	6	7	4	6
hsa-miR-4645-3p	1	11	65	56
hsa-miR-4645-5p	0	1	2	1
hsa-miR-4646-3p	6	4	11	5
hsa-miR-4646-5p	0	2	6	3
hsa-miR-4647	2	1	1	1
hsa-miR-4648	0	0	1	3
hsa-miR-4649-3p	0	0	1	0
hsa-miR-4651	17	23	56	27
hsa-miR-4652-3p	51	36	0	0
hsa-miR-4652-5p	56	52	0	0
hsa-miR-4653-3p	1	1	6	5
hsa-miR-4653-5p	2	0	2	1
hsa-miR-4654	4	4	17	10
hsa-miR-4655-3p	11	5	5	2
hsa-miR-4655-5p	34	26	15	6
hsa-miR-4656	32	28	0	0
hsa-miR-4657	0	0	1	0
hsa-miR-4658	0	0	1	1
hsa-miR-4659a-3p	22	25	36	16
hsa-miR-4659a-5p	1	1	4	2
hsa-miR-466	0	0	4	2
hsa-miR-4660	23	27	73	65
hsa-miR-4661-3p	10	5	3	1
hsa-miR-4661-5p	100	105	38	18
hsa-miR-4662a-3p	1	0	0	0
hsa-miR-4662a-5p	1	0	0	0
hsa-miR-4663	0	1	0	0
hsa-miR-4664-3p	30	39	309	305
hsa-miR-4664-5p	179	149	345	1063
hsa-miR-4665-3p	1	4	2	1
hsa-miR-4665-5p	76	76	78	60
hsa-miR-4666a-5p	1	0	0	3
hsa-miR-4667-3p	5	7	11	6
hsa-miR-4667-5p	6	7	18	10
hsa-miR-4668-3p	0	0	1	6
hsa-miR-4668-5p	1	0	2	5
hsa-miR-4670-3p	6	3	4	4
hsa-miR-4670-5p	1	0	1	1
hsa-miR-4671-3p	1	0	28	26
hsa-miR-4671-5p	0	0	4	5
hsa-miR-4672	15	18	8	10
hsa-miR-4673	2	5	0	2
hsa-miR-4674	0	1	11	9
hsa-miR-4676-3p	40	48	52	35
hsa-miR-4676-5p	16	21	25	21
hsa-miR-4677-3p	220	221	99	134
hsa-miR-4677-5p	82	76	57	30
hsa-miR-4680-3p	0	0	0	1
hsa-miR-4680-5p	0	0	2	4
hsa-miR-4682	0	0	8	3
hsa-miR-4683	7	1	6	0
hsa-miR-4684-3p	4	4	0	1
hsa-miR-4684-5p	4	3	0	0
hsa-miR-4685-3p	29	32	45	13
hsa-miR-4685-5p	1	0	1	2
hsa-miR-4686	1	0	0	0
hsa-miR-4687-3p	73	59	37	13
hsa-miR-4687-5p	15	5	0	1
hsa-miR-4688	5	6	12	3
hsa-miR-4689	32	19	29	4
hsa-miR-4690-3p	6	12	24	22
hsa-miR-4690-5p	4	7	23	18
hsa-miR-4691-3p	7	8	6	10
hsa-miR-4691-5p	0	3	3	3
hsa-miR-4695-3p	1	6	4	5
hsa-miR-4695-5p	3	0	0	4
hsa-miR-4697-3p	0	0	3	0
hsa-miR-4697-5p	1	0	1	0
hsa-miR-4698	0	0	1	0
hsa-miR-4699-3p	4	3	2	0
hsa-miR-4700-3p	0	0	0	1
hsa-miR-4700-5p	0	0	6	7
hsa-miR-4701-3p	1	0	4	5
hsa-miR-4701-5p	0	0	3	1
hsa-miR-4704-5p	2	0	0	0
hsa-miR-4705	1	0	0	1
hsa-miR-4706	14	16	62	34
hsa-miR-4707-3p	0	0	53	35
hsa-miR-4707-5p	4	3	269	303
hsa-miR-4710	4	4	15	8
hsa-miR-4712-5p	1	0	0	0
hsa-miR-4713-3p	4	3	0	0
hsa-miR-4713-5p	96	41	0	0
hsa-miR-4714-3p	20	32	86	101
hsa-miR-4714-5p	24	28	21	77
hsa-miR-4716-3p	1	0	0	1
hsa-miR-4716-5p	0	0	1	1
hsa-miR-4717-3p	20	28	69	42
hsa-miR-4717-5p	0	0	0	1
hsa-miR-4720-3p	0	0	0	1
hsa-miR-4720-5p	0	0	0	1
hsa-miR-4721	2	0	12	5
hsa-miR-4722-3p	0	1	4	5
hsa-miR-4722-5p	2	3	26	23
hsa-miR-4723-3p	11	15	46	25
hsa-miR-4723-5p	3	1	18	8
hsa-miR-4724-5p	0	0	0	1
hsa-miR-4725-3p	2	2	304	167
hsa-miR-4725-5p	3	1	126	46
hsa-miR-4726-3p	1	5	7	12
hsa-miR-4726-5p	12	11	44	41
hsa-miR-4727-3p	0	1	5	5
hsa-miR-4727-5p	1	0	1	0
hsa-miR-4728-3p	16	21	120	45
hsa-miR-4728-5p	4	7	15	10
hsa-miR-4730	3	1	4	3
hsa-miR-4731-3p	0	0	12	4
hsa-miR-4731-5p	18	21	100	148
hsa-miR-4733-3p	4	2	1	1
hsa-miR-4733-5p	2	4	10	3
hsa-miR-4734	8	8	9	14
hsa-miR-4735-3p	1	4	0	0
hsa-miR-4735-5p	10	18	0	0
hsa-miR-4738-3p	7	21	68	43
hsa-miR-4738-5p	0	0	0	1
hsa-miR-4739	0	0	15	14
hsa-miR-4740-3p	0	0	2	0
hsa-miR-4740-5p	2	3	5	3
hsa-miR-4741	219	286	225	128
hsa-miR-4742-3p	64	62	96	72
hsa-miR-4742-5p	23	11	19	18
hsa-miR-4743-3p	1	0	8	1
hsa-miR-4743-5p	4	3	26	18
hsa-miR-4744	0	1	2	4
hsa-miR-4745-3p	46	30	433	162
hsa-miR-4745-5p	38	48	326	155
hsa-miR-4746-3p	23	22	17	22
hsa-miR-4746-5p	103	151	182	162
hsa-miR-4747-3p	5	8	12	7
hsa-miR-4747-5p	22	23	26	25
hsa-miR-4748	26	33	33	34
hsa-miR-4749-3p	9	3	7	5
hsa-miR-4749-5p	36	36	29	24
hsa-miR-4750-3p	2	0	0	4
hsa-miR-4750-5p	10	4	7	9
hsa-miR-4751	0	0	0	1
hsa-miR-4752	0	1	0	0
hsa-miR-4753-3p	17	6	5	6
hsa-miR-4753-5p	10	3	6	4
hsa-miR-4754	0	5	3	4
hsa-miR-4755-3p	8	6	4	4
hsa-miR-4755-5p	7	10	6	4
hsa-miR-4757-3p	0	0	3	2
hsa-miR-4757-5p	1	0	0	3
hsa-miR-4758-3p	0	0	212	65
hsa-miR-4758-5p	2	1	64	19
hsa-miR-4761-3p	13	26	7	20
hsa-miR-4761-5p	25	8	11	17
hsa-miR-4762-3p	11	10	3	8
hsa-miR-4762-5p	28	16	19	12
hsa-miR-4763-3p	4	5	67	35
hsa-miR-4763-5p	5	2	58	10
hsa-miR-4764-5p	3	0	0	0
hsa-miR-4765	3	1	0	6
hsa-miR-4766-3p	218	230	90	141
hsa-miR-4766-5p	29	30	9	19
hsa-miR-4767	0	4	61	35
hsa-miR-4768-3p	0	0	4	3
hsa-miR-4768-5p	1	11	79	99
hsa-miR-4769-3p	2	2	4	2
hsa-miR-4769-5p	1	0	2	2
hsa-miR-4771	0	0	1	0
hsa-miR-4772-3p	7	11	11	5
hsa-miR-4772-5p	4	8	0	4
hsa-miR-4774-3p	1	0	0	0
hsa-miR-4774-5p	3	2	0	0
hsa-miR-4775	24	15	67	61
hsa-miR-4777-3p	3	1	0	1
hsa-miR-4777-5p	2	0	0	0
hsa-miR-4778-3p	75	52	0	0
hsa-miR-4778-5p	18	15	0	0
hsa-miR-4779	8	2	6	8
hsa-miR-4781-3p	8	9	12	10
hsa-miR-4781-5p	0	0	2	2
hsa-miR-4782-3p	1	0	0	1
hsa-miR-4782-5p	4	1	0	0
hsa-miR-4783-3p	199	216	196	256
hsa-miR-4783-5p	7	9	8	4
hsa-miR-4784	6	22	9	2
hsa-miR-4785	115	154	65	48
hsa-miR-4786-3p	64	64	28	37
hsa-miR-4786-5p	13	24	23	13
hsa-miR-4787-3p	745	366	215	96
hsa-miR-4787-5p	42	81	30	10
hsa-miR-4788	0	0	10	1
hsa-miR-4789-3p	4	0	0	0
hsa-miR-4791	1	28	5	3
hsa-miR-4793-3p	7	8	6	4
hsa-miR-4793-5p	4	3	0	7
hsa-miR-4794	5	1	0	1
hsa-miR-4795-3p	10	4	2	4
hsa-miR-4795-5p	1	2	0	0
hsa-miR-4796-3p	1	2	1	2
hsa-miR-4796-5p	0	0	0	1
hsa-miR-4797-3p	21	21	10	14
hsa-miR-4797-5p	3	4	0	1
hsa-miR-4798-3p	2	0	1	8
hsa-miR-4798-5p	2	1	21	22
hsa-miR-4799-3p	2	0	0	1
hsa-miR-4799-5p	9	3	12	6
hsa-miR-4800-3p	0	0	1	2
hsa-miR-4800-5p	0	0	1	0
hsa-miR-4802-3p	2	4	11	7
hsa-miR-4802-5p	16	9	8	31
hsa-miR-4803	30	17	0	0
hsa-miR-4804-3p	9	12	7	4
hsa-miR-4804-5p	8	5	3	9
hsa-miR-483-3p	237	102	5	3
hsa-miR-483-5p	66	39	2	0
hsa-miR-484	25990	21465	14646	14296
hsa-miR-485-3p	0	5	4	2
hsa-miR-486-3p	165	154	85	160
hsa-miR-486-5p	1296	1606	5593	4366
hsa-miR-487a-3p	1	0	2	0
hsa-miR-487b-3p	2	2	4	3
hsa-miR-488-3p	13	1	5	2
hsa-miR-489-3p	19	16	0	0
hsa-miR-489-5p	1	1	0	0
hsa-miR-490-3p	1	0	0	0
hsa-miR-491-3p	220	136	42	51
hsa-miR-491-5p	2454	2887	616	962
hsa-miR-493-3p	0	1	0	1
hsa-miR-493-5p	0	0	1	0
hsa-miR-494-3p	0	4	8	3
hsa-miR-495-3p	2	3	11	5
hsa-miR-497-3p	97	85	41	309
hsa-miR-497-5p	2047	1530	2242	6708
hsa-miR-4999-3p	1	2	2	6
hsa-miR-4999-5p	0	0	11	18
hsa-miR-499a-3p	1	0	0	0
hsa-miR-499a-5p	92	63	50	76
hsa-miR-499b-3p	2	1	0	0
hsa-miR-499b-5p	4	3	0	0
hsa-miR-5000-3p	32	63	133	87
hsa-miR-5000-5p	14	18	23	17
hsa-miR-5001-3p	174	186	194	157
hsa-miR-5001-5p	22	20	15	18
hsa-miR-5002-3p	2	1	0	0
hsa-miR-5002-5p	3	8	0	0
hsa-miR-5003-3p	2	2	10	11
hsa-miR-5003-5p	3	4	1	18
hsa-miR-5004-3p	2	0	4	2
hsa-miR-5004-5p	0	0	4	1
hsa-miR-5006-3p	4	5	9	4
hsa-miR-5006-5p	2	1	0	0
hsa-miR-5008-3p	28	21	104	123
hsa-miR-5008-5p	33	11	73	70
hsa-miR-5009-3p	12	0	1	3
hsa-miR-5009-5p	15	18	30	30
hsa-miR-500a-3p	3199	4083	4485	3102
hsa-miR-500a-5p	1447	3481	3899	4021
hsa-miR-500b-3p	45	57	66	35
hsa-miR-500b-5p	1446	3481	3898	4021
hsa-miR-501-3p	1375	1394	1751	1139
hsa-miR-501-5p	1636	2488	2831	3023
hsa-miR-5010-3p	96	70	59	40
hsa-miR-5010-5p	29	12	10	7
hsa-miR-502-3p	3868	3698	2820	3325
hsa-miR-502-5p	506	804	603	926
hsa-miR-503-3p	95	115	154	106
hsa-miR-503-5p	14814	9170	3437	7590
hsa-miR-504-3p	4	4	0	0
hsa-miR-504-5p	102	124	6	9
hsa-miR-505-3p	12145	14087	20106	22963
hsa-miR-505-5p	515	407	1449	1077
hsa-miR-506-3p	0	1	0	0
hsa-miR-507	0	2	0	0
hsa-miR-508-3p	2	4	0	0
hsa-miR-508-5p	1	1	2	0
hsa-miR-5087	4	8	1	5
hsa-miR-5088-3p	18	17	19	10
hsa-miR-5088-5p	4	4	8	12
hsa-miR-5089-3p	0	4	4	4
hsa-miR-5089-5p	7	10	11	8
hsa-miR-509-3-5p	3	2	1	0
hsa-miR-509-3p	11	3	4	0
hsa-miR-509-5p	1	1	1	0
hsa-miR-5090	8	22	37	21
hsa-miR-5091	0	7	0	0
hsa-miR-5092	6	6	5	1
hsa-miR-5093	0	0	0	4
hsa-miR-5094	30	26	147	71
hsa-miR-5096	0	0	0	1
hsa-miR-510-5p	1	0	0	0
hsa-miR-5100	4	4	1	0
hsa-miR-511-3p	6	0	0	1
hsa-miR-511-5p	8	8	8	7
hsa-miR-512-3p	1	3	2	1
hsa-miR-513a-3p	1	0	0	0
hsa-miR-513a-5p	7	8	0	0
hsa-miR-513b-5p	1	1	0	0
hsa-miR-513c-3p	1	0	0	0
hsa-miR-513c-5p	1	0	0	0
hsa-miR-514a-3p	3	9	0	0
hsa-miR-514a-5p	2	1	0	0
hsa-miR-514b-5p	1	1	0	0
hsa-miR-515-3p	0	0	0	6
hsa-miR-515-5p	1	0	1	0
hsa-miR-516a-3p	0	0	1	1
hsa-miR-516a-5p	0	0	28	31
hsa-miR-516b-3p	0	0	1	1
hsa-miR-516b-5p	0	0	2	0
hsa-miR-517a-3p	2	0	5	1
hsa-miR-517b-3p	2	0	5	1
hsa-miR-517c-3p	0	0	1	1
hsa-miR-5187-3p	0	3	6	4
hsa-miR-5187-5p	11	23	26	22
hsa-miR-5188	0	0	3	6
hsa-miR-5189-3p	4	2	6	1
hsa-miR-5189-5p	7	5	28	10
hsa-miR-518a-3p	0	0	3	0
hsa-miR-518a-5p	0	0	0	1
hsa-miR-518b	0	0	0	1
hsa-miR-518c-3p	0	0	2	3
hsa-miR-518c-5p	0	0	2	1
hsa-miR-518e-3p	0	0	0	1
hsa-miR-518e-5p	0	0	5	5
hsa-miR-5190	0	2	0	0
hsa-miR-5191	0	0	0	2
hsa-miR-5192	0	0	2	0
hsa-miR-5193	0	0	0	1
hsa-miR-5194	0	2	10	13
hsa-miR-5196-3p	0	0	2	0
hsa-miR-519a-3p	0	0	9	39
hsa-miR-519a-5p	0	0	12	9
hsa-miR-519b-5p	0	0	5	5
hsa-miR-519c-3p	0	0	0	1
hsa-miR-519c-5p	0	0	5	5
hsa-miR-520a-3p	0	0	1	0
hsa-miR-520a-5p	0	0	2	0
hsa-miR-520b	0	0	5	0
hsa-miR-520c-3p	0	0	5	0
hsa-miR-520e	0	0	2	1
hsa-miR-520f-3p	0	0	1	3
hsa-miR-520g-3p	0	0	1	1
hsa-miR-520h	0	0	1	1
hsa-miR-521	0	0	5	31
hsa-miR-522-3p	0	0	9	21
hsa-miR-522-5p	0	0	5	5
hsa-miR-523-3p	0	0	0	1
hsa-miR-523-5p	0	0	5	5
hsa-miR-524-3p	0	0	0	2
hsa-miR-526b-3p	0	0	3	3
hsa-miR-527	0	0	0	1
hsa-miR-532-3p	1240	994	1604	788
hsa-miR-532-5p	8200	10337	8177	11928
hsa-miR-539-3p	1	0	1	1
hsa-miR-539-5p	0	0	2	0
hsa-miR-541-5p	0	0	1	0
hsa-miR-542-3p	3435	2993	618	2067
hsa-miR-542-5p	622	661	269	377
hsa-miR-543	4	1	5	5
hsa-miR-544a	0	1	0	0
hsa-miR-545-3p	363	436	277	602
hsa-miR-545-5p	725	582	255	879
hsa-miR-548a-3p	290	290	43	53
hsa-miR-548a-5p	140	97	7	14
hsa-miR-548ab	11	9	0	7
hsa-miR-548ac	6	2	15	10
hsa-miR-548ad-5p	1	2	0	0
hsa-miR-548ae-5p	86	59	0	10
hsa-miR-548ag	27	22	0	0
hsa-miR-548ah-3p	20	10	23	30
hsa-miR-548ah-5p	0	0	12	11
hsa-miR-548ai	58	15	6	19
hsa-miR-548aj-3p	1	0	0	3
hsa-miR-548aj-5p	2	0	0	0
hsa-miR-548ak	17	32	25	73
hsa-miR-548al	4	7	5	13
hsa-miR-548am-3p	17	15	11	13
hsa-miR-548an	227	185	0	0
hsa-miR-548ao-5p	2	0	0	0
hsa-miR-548ap-5p	1	1	1	1
hsa-miR-548aq-5p	71	74	40	39
hsa-miR-548ar-3p	56	46	58	45
hsa-miR-548ar-5p	2	0	0	0
hsa-miR-548as-3p	8	3	12	16
hsa-miR-548as-5p	8	12	7	7
hsa-miR-548at-3p	2	1	0	1
hsa-miR-548at-5p	0	0	32	21
hsa-miR-548au-3p	10	8	2	2
hsa-miR-548au-5p	54	43	16	22
hsa-miR-548av-3p	8	2	5	6
hsa-miR-548av-5p	15	19	6	10
hsa-miR-548aw	1	6	6	7
hsa-miR-548ax	1	3	6	7
hsa-miR-548ay-3p	75	73	36	18
hsa-miR-548ay-5p	48	23	12	17
hsa-miR-548az-3p	1	0	0	1
hsa-miR-548az-5p	0	1	0	2
hsa-miR-548b-3p	3055	2279	0	1
hsa-miR-548b-5p	164	145	1	1
hsa-miR-548c-3p	1	0	1	0
hsa-miR-548c-5p	0	90	0	1
hsa-miR-548d-3p	182	153	127	106
hsa-miR-548d-5p	0	2	0	1
hsa-miR-548e-3p	644	606	494	655
hsa-miR-548e-5p	312	325	175	389
hsa-miR-548f-3p	78	111	13	21
hsa-miR-548f-5p	0	3	0	1
hsa-miR-548g-3p	2	4	1	0
hsa-miR-548g-5p	3	0	20	38
hsa-miR-548h-3p	2	0	0	0
hsa-miR-548h-5p	539	591	1	0
hsa-miR-548i	0	11	1	1
hsa-miR-548j-3p	16	20	15	12
hsa-miR-548j-5p	280	318	208	231
hsa-miR-548k	951	1201	291	662
hsa-miR-548l	307	355	143	169
hsa-miR-548n	64	73	23	38
hsa-miR-548o-3p	239	126	170	155
hsa-miR-548p	54	42	33	34
hsa-miR-548q	24	23	43	48
hsa-miR-548s	30	17	27	37
hsa-miR-548t-3p	0	0	0	5
hsa-miR-548t-5p	15	24	18	20
hsa-miR-548u	35	25	16	17
hsa-miR-548v	22	13	34	13
hsa-miR-548w	522	564	726	685
hsa-miR-548x-3p	1	0	0	0
hsa-miR-548y	579	426	0	0
hsa-miR-548z	0	0	2	0
hsa-miR-549a	3	2	1	2
hsa-miR-550a-3-5p	169	179	238	201
hsa-miR-550a-3p	6379	6051	5771	3658
hsa-miR-550a-5p	882	901	1297	932
hsa-miR-550b-2-5p	4	9	7	9
hsa-miR-550b-3p	1	1	2	1
hsa-miR-551a	197	260	10	4
hsa-miR-551b-3p	2463	2398	0	2
hsa-miR-551b-5p	139	190	0	0
hsa-miR-552-3p	1	1	1	0
hsa-miR-552-5p	0	3	6	2
hsa-miR-556-3p	339	261	146	189
hsa-miR-556-5p	176	132	133	122
hsa-miR-5579-3p	1	0	0	0
hsa-miR-5579-5p	17	9	0	0
hsa-miR-5580-3p	3	1	1	2
hsa-miR-5580-5p	0	0	0	1
hsa-miR-5581-3p	40	42	59	36
hsa-miR-5581-5p	6	26	11	9
hsa-miR-5582-3p	128	113	135	113
hsa-miR-5582-5p	1	1	2	0
hsa-miR-5583-3p	102	76	52	32
hsa-miR-5583-5p	100	49	14	18
hsa-miR-5584-3p	4	4	4	0
hsa-miR-5584-5p	21	10	9	7
hsa-miR-5585-5p	9	4	7	3
hsa-miR-5586-3p	28	9	0	0
hsa-miR-5586-5p	23	10	0	0
hsa-miR-5587-3p	18	22	46	30
hsa-miR-5587-5p	60	65	13	46
hsa-miR-5588-3p	3	1	0	0
hsa-miR-5588-5p	3	2	0	0
hsa-miR-561-3p	241	146	0	0
hsa-miR-561-5p	1079	1756	11	2
hsa-miR-566	0	0	0	1
hsa-miR-5680	2	0	0	0
hsa-miR-5681a	0	1	0	0
hsa-miR-5681b	0	0	1	0
hsa-miR-5682	48	57	0	0
hsa-miR-5683	40	42	1	2
hsa-miR-5684	0	0	1	1
hsa-miR-5687	3	4	1	3
hsa-miR-5688	2	3	0	0
hsa-miR-5690	43	33	46	37
hsa-miR-5692c	1	0	2	2
hsa-miR-5693	0	1	0	0
hsa-miR-5695	2	4	3	1
hsa-miR-5696	12	9	11	22
hsa-miR-5697	29	9	7	7
hsa-miR-5698	6	3	10	0
hsa-miR-5699-3p	230	226	3	1
hsa-miR-5699-5p	238	159	3	0
hsa-miR-570-3p	103	80	74	74
hsa-miR-570-5p	58	15	6	19
hsa-miR-5702	0	1	3	1
hsa-miR-5703	0	4	1	0
hsa-miR-5706	1	1	0	1
hsa-miR-5708	0	1	0	0
hsa-miR-572	3	4	15	15
hsa-miR-573	114	191	189	210
hsa-miR-574-3p	653	266	2450	1126
hsa-miR-574-5p	746	830	4523	4284
hsa-miR-576-3p	728	1049	463	436
hsa-miR-576-5p	4974	4944	2038	1721
hsa-miR-577	530	696	2276	1936
hsa-miR-578	4	3	0	1
hsa-miR-579-3p	1090	1036	460	674
hsa-miR-579-5p	289	384	147	266
hsa-miR-580-3p	127	109	96	121
hsa-miR-580-5p	12	1	2	8
hsa-miR-581	21	18	10	6
hsa-miR-582-3p	523	832	10036	11515
hsa-miR-582-5p	2197	1596	17290	21865
hsa-miR-584-3p	2	8	52	7
hsa-miR-584-5p	216	320	2153	973
hsa-miR-585-3p	79	46	0	0
hsa-miR-585-5p	1	3	0	0
hsa-miR-586	5	4	1	0
hsa-miR-587	0	0	0	1
hsa-miR-588	28	26	1	0
hsa-miR-589-3p	738	642	390	417
hsa-miR-589-5p	1774	2652	2017	1680
hsa-miR-590-3p	15788	10070	2941	6654
hsa-miR-590-5p	3622	3480	692	3154
hsa-miR-592	436	400	2	2
hsa-miR-597-3p	50	60	33	31
hsa-miR-597-5p	303	188	15	71
hsa-miR-598-3p	3432	3388	2	0
hsa-miR-598-5p	16	21	0	0
hsa-miR-599	0	0	0	1
hsa-miR-600	0	0	1	2
hsa-miR-602	8	12	18	10
hsa-miR-605-3p	7	3	0	0
hsa-miR-605-5p	147	66	1	0
hsa-miR-6068	0	1	0	0
hsa-miR-607	1	0	1	4
hsa-miR-6087	59	95	138	42
hsa-miR-6089	2	1	0	1
hsa-miR-609	5	6	2	0
hsa-miR-610	7	16	5	6
hsa-miR-612	1	2	0	1
hsa-miR-6125	1	7	11	4
hsa-miR-6128	1	0	0	0
hsa-miR-6132	1	1	3	4
hsa-miR-615-3p	11668	17136	11392	10592
hsa-miR-615-5p	341	618	402	266
hsa-miR-616-3p	45	33	32	24
hsa-miR-616-5p	222	187	203	220
hsa-miR-618	711	653	0	2
hsa-miR-624-3p	118	89	21	24
hsa-miR-624-5p	777	444	129	143
hsa-miR-625-3p	4670	5183	1148	1058
hsa-miR-625-5p	1948	1848	763	622
hsa-miR-627-3p	290	264	54	76
hsa-miR-627-5p	382	409	149	182
hsa-miR-628-3p	305	342	1210	834
hsa-miR-628-5p	328	256	688	548
hsa-miR-629-3p	1025	657	910	510
hsa-miR-629-5p	6582	8074	8439	11652
hsa-miR-632	1	6	1	3
hsa-miR-636	179	250	520	383
hsa-miR-639	0	2	0	0
hsa-miR-641	1226	1089	343	440
hsa-miR-642a-3p	108	61	13	7
hsa-miR-642a-5p	154	107	27	15
hsa-miR-642b-3p	7	7	0	3
hsa-miR-642b-5p	11	4	1	0
hsa-miR-643	152	98	70	85
hsa-miR-6500-3p	51	33	4	5
hsa-miR-6500-5p	6	2	0	0
hsa-miR-6501-3p	0	0	2	1
hsa-miR-6501-5p	0	1	40	16
hsa-miR-6505-3p	9	7	13	17
hsa-miR-6505-5p	9	16	17	24
hsa-miR-6508-3p	1	0	2	0
hsa-miR-6508-5p	1	0	1	0
hsa-miR-6509-3p	21	8	8	0
hsa-miR-6509-5p	33	12	2	3
hsa-miR-651-3p	0	0	4	22
hsa-miR-651-5p	1	2	694	2085
hsa-miR-6510-3p	0	0	0	2
hsa-miR-6511a-3p	80	68	105	61
hsa-miR-6511a-5p	29	47	79	78
hsa-miR-6511b-3p	79	55	135	64
hsa-miR-6511b-5p	29	47	79	78
hsa-miR-6513-3p	1	2	5	12
hsa-miR-6513-5p	0	1	2	4
hsa-miR-6514-3p	5	8	3	8
hsa-miR-6514-5p	20	12	28	14
hsa-miR-6515-3p	36	27	45	39
hsa-miR-6515-5p	11	18	19	15
hsa-miR-6516-3p	36	23	27	53
hsa-miR-6516-5p	63	34	136	134
hsa-miR-652-3p	14551	16412	26508	20277
hsa-miR-652-5p	655	523	261	436
hsa-miR-653-3p	79	51	1	0
hsa-miR-653-5p	43	27	0	0
hsa-miR-654-3p	0	1	10	3
hsa-miR-654-5p	0	2	3	0
hsa-miR-655-3p	1	1	0	1
hsa-miR-656-3p	0	0	1	2
hsa-miR-658	1	2	0	0
hsa-miR-659-3p	7	15	24	14
hsa-miR-659-5p	15	37	51	32
hsa-miR-660-3p	739	684	185	548
hsa-miR-660-5p	10749	10401	5577	11180
hsa-miR-662	0	0	29	36
hsa-miR-663a	12	17	32	22
hsa-miR-663b	41	42	62	29
hsa-miR-664a-3p	167	134	337	197
hsa-miR-664a-5p	40	71	167	124
hsa-miR-664b-3p	23	16	78	57
hsa-miR-664b-5p	8	24	49	29
hsa-miR-670-3p	0	0	3	1
hsa-miR-671-3p	1107	1703	1838	1096
hsa-miR-671-5p	8178	13117	6330	14001
hsa-miR-6715a-3p	0	1	0	0
hsa-miR-6715b-3p	1	0	0	2
hsa-miR-6716-3p	5	3	26	26
hsa-miR-6716-5p	0	0	3	2
hsa-miR-6720-3p	181	143	388	374
hsa-miR-6720-5p	613	558	3353	2524
hsa-miR-6721-5p	17	9	11	12
hsa-miR-6723-5p	35	73	31	43
hsa-miR-6724-5p	383	607	2717	1387
hsa-miR-6726-3p	22	16	23	8
hsa-miR-6726-5p	5	4	6	2
hsa-miR-6727-3p	1	7	0	3
hsa-miR-6727-5p	4	13	4	4
hsa-miR-6728-3p	17	10	15	17
hsa-miR-6728-5p	6	8	9	8
hsa-miR-6729-3p	16	9	11	7
hsa-miR-6729-5p	1	6	17	8
hsa-miR-6730-5p	0	3	4	2
hsa-miR-6731-3p	1	2	6	1
hsa-miR-6731-5p	1	1	5	2
hsa-miR-6732-3p	7	7	76	39
hsa-miR-6732-5p	3	0	26	8
hsa-miR-6733-3p	3	3	8	12
hsa-miR-6733-5p	11	9	12	12
hsa-miR-6734-3p	1	0	7	3
hsa-miR-6734-5p	9	14	46	22
hsa-miR-6735-3p	10	3	15	9
hsa-miR-6735-5p	7	2	13	6
hsa-miR-6736-3p	1	2	3	1
hsa-miR-6736-5p	3	6	7	3
hsa-miR-6737-3p	11	5	16	12
hsa-miR-6737-5p	1	1	15	2
hsa-miR-6738-3p	1	3	6	3
hsa-miR-6738-5p	0	0	4	0
hsa-miR-6739-3p	13	7	14	8
hsa-miR-6739-5p	1	1	1	3
hsa-miR-6740-3p	7	5	9	6
hsa-miR-6740-5p	0	2	7	2
hsa-miR-6741-3p	58	38	79	21
hsa-miR-6741-5p	33	27	16	11
hsa-miR-6742-3p	9	24	18	26
hsa-miR-6742-5p	9	10	14	19
hsa-miR-6743-3p	12	6	18	13
hsa-miR-6743-5p	7	3	2	5
hsa-miR-6745	0	1	5	1
hsa-miR-6746-3p	1	0	5	6
hsa-miR-6746-5p	1	0	6	14
hsa-miR-6747-3p	145	184	217	127
hsa-miR-6747-5p	2	4	6	3
hsa-miR-6748-3p	7	5	3	0
hsa-miR-6748-5p	0	1	0	1
hsa-miR-6749-3p	16	9	17	3
hsa-miR-6749-5p	0	1	0	0
hsa-miR-675-3p	2	4	2	2
hsa-miR-675-5p	29	22	7	16
hsa-miR-6750-3p	11	11	14	7
hsa-miR-6750-5p	1	0	2	2
hsa-miR-6751-3p	6	1	3	4
hsa-miR-6751-5p	3	4	13	8
hsa-miR-6752-3p	4	1	4	2
hsa-miR-6752-5p	2	0	1	0
hsa-miR-6753-3p	3	0	5	4
hsa-miR-6753-5p	0	0	2	3
hsa-miR-6754-3p	2	0	1	4
hsa-miR-6754-5p	2	5	2	2
hsa-miR-6755-3p	2	1	1	2
hsa-miR-6755-5p	4	7	6	8
hsa-miR-6756-3p	4	5	32	12
hsa-miR-6756-5p	0	0	8	6
hsa-miR-6757-3p	0	0	11	11
hsa-miR-6757-5p	1	0	5	9
hsa-miR-6758-3p	16	12	28	18
hsa-miR-6758-5p	1	2	11	8
hsa-miR-6759-3p	2	9	5	0
hsa-miR-6759-5p	6	6	9	14
hsa-miR-676-3p	338	363	5	7
hsa-miR-676-5p	45	31	1	1
hsa-miR-6760-3p	2	4	0	0
hsa-miR-6761-3p	1	1	2	0
hsa-miR-6761-5p	0	5	0	0
hsa-miR-6762-3p	6	12	45	29
hsa-miR-6762-5p	0	0	2	6
hsa-miR-6763-3p	9	8	30	9
hsa-miR-6763-5p	44	69	82	43
hsa-miR-6764-3p	6	12	11	6
hsa-miR-6764-5p	23	21	16	13
hsa-miR-6765-3p	17	29	79	41
hsa-miR-6765-5p	6	6	26	10
hsa-miR-6766-3p	6	10	15	16
hsa-miR-6766-5p	1	3	0	2
hsa-miR-6767-3p	2	0	0	1
hsa-miR-6767-5p	2	2	5	4
hsa-miR-6768-3p	5	2	0	15
hsa-miR-6768-5p	14	26	51	30
hsa-miR-6769a-3p	1	6	7	4
hsa-miR-6769a-5p	5	4	7	3
hsa-miR-6769b-3p	0	3	55	41
hsa-miR-6769b-5p	0	0	3	1
hsa-miR-6770-3p	5	12	7	4
hsa-miR-6770-5p	9	16	19	12
hsa-miR-6771-5p	0	0	3	4
hsa-miR-6772-3p	0	0	70	27
hsa-miR-6772-5p	0	0	6	1
hsa-miR-6773-3p	0	0	4	2
hsa-miR-6773-5p	0	0	3	2
hsa-miR-6774-3p	2	2	0	0
hsa-miR-6775-3p	28	30	320	207
hsa-miR-6775-5p	0	0	16	26
hsa-miR-6776-3p	7	4	7	7
hsa-miR-6776-5p	3	6	12	1
hsa-miR-6777-3p	31	30	173	132
hsa-miR-6777-5p	4	6	34	42
hsa-miR-6778-3p	1	1	0	1
hsa-miR-6778-5p	0	0	3	0
hsa-miR-6779-3p	0	0	6	0
hsa-miR-6779-5p	0	1	31	16
hsa-miR-6780a-3p	3	1	2	2
hsa-miR-6780a-5p	3	5	20	4
hsa-miR-6780b-3p	8	4	6	8
hsa-miR-6780b-5p	3	2	6	2
hsa-miR-6781-3p	18	3	17	11
hsa-miR-6781-5p	5	8	15	7
hsa-miR-6782-3p	0	0	10	3
hsa-miR-6782-5p	1	1	2	1
hsa-miR-6783-3p	24	36	37	42
hsa-miR-6783-5p	24	19	30	31
hsa-miR-6784-3p	5	3	25	26
hsa-miR-6784-5p	0	0	7	2
hsa-miR-6785-5p	2	8	10	8
hsa-miR-6786-3p	1	4	29	13
hsa-miR-6786-5p	5	4	7	8
hsa-miR-6787-3p	0	1	53	33
hsa-miR-6787-5p	0	0	3	1
hsa-miR-6788-3p	0	0	47	28
hsa-miR-6788-5p	0	0	27	22
hsa-miR-6789-3p	3	0	6	6
hsa-miR-6789-5p	22	19	58	49
hsa-miR-6790-3p	4	3	6	6
hsa-miR-6790-5p	0	0	5	5
hsa-miR-6791-3p	15	21	25	20
hsa-miR-6791-5p	8	13	4	7
hsa-miR-6792-3p	2	2	3	6
hsa-miR-6792-5p	0	3	2	0
hsa-miR-6793-3p	20	5	17	17
hsa-miR-6793-5p	9	14	27	23
hsa-miR-6794-3p	8	7	18	1
hsa-miR-6794-5p	6	2	3	3
hsa-miR-6795-3p	1	3	0	0
hsa-miR-6795-5p	1	2	0	0
hsa-miR-6796-3p	0	0	15	10
hsa-miR-6796-5p	0	0	4	6
hsa-miR-6797-3p	39	61	74	52
hsa-miR-6797-5p	1	5	15	9
hsa-miR-6798-3p	35	25	33	26
hsa-miR-6798-5p	1	4	5	3
hsa-miR-6799-3p	35	22	50	22
hsa-miR-6799-5p	26	20	50	11
hsa-miR-6800-3p	14	7	77	29
hsa-miR-6800-5p	3	3	7	5
hsa-miR-6801-3p	7	6	23	11
hsa-miR-6801-5p	4	2	13	2
hsa-miR-6802-3p	7	2	17	4
hsa-miR-6802-5p	13	11	14	8
hsa-miR-6803-3p	29	29	50	26
hsa-miR-6803-5p	0	0	2	1
hsa-miR-6804-3p	0	0	2	0
hsa-miR-6804-5p	7	17	28	19
hsa-miR-6805-3p	13	7	27	13
hsa-miR-6805-5p	9	14	72	45
hsa-miR-6806-3p	6	4	12	7
hsa-miR-6806-5p	0	2	0	0
hsa-miR-6807-3p	25	22	107	40
hsa-miR-6807-5p	21	18	72	46
hsa-miR-6808-3p	12	5	8	5
hsa-miR-6809-3p	0	0	1	0
hsa-miR-6809-5p	0	0	3	2
hsa-miR-6810-3p	1	4	14	3
hsa-miR-6810-5p	0	0	8	5
hsa-miR-6812-3p	23	24	61	28
hsa-miR-6812-5p	0	2	14	5
hsa-miR-6813-5p	5	7	11	5
hsa-miR-6814-3p	1	1	1	1
hsa-miR-6814-5p	0	0	0	1
hsa-miR-6815-3p	2	1	0	0
hsa-miR-6815-5p	1	4	1	0
hsa-miR-6816-3p	64	44	35	38
hsa-miR-6816-5p	14	18	4	2
hsa-miR-6817-3p	17	30	16	7
hsa-miR-6817-5p	0	7	2	5
hsa-miR-6818-3p	13	6	6	9
hsa-miR-6818-5p	3	3	6	1
hsa-miR-6819-3p	17	8	35	10
hsa-miR-6819-5p	2	1	11	2
hsa-miR-6820-3p	90	75	76	45
hsa-miR-6820-5p	51	79	46	35
hsa-miR-6821-3p	3	3	5	8
hsa-miR-6821-5p	7	5	53	15
hsa-miR-6822-3p	0	0	0	1
hsa-miR-6822-5p	2	0	3	3
hsa-miR-6823-3p	1	0	1	0
hsa-miR-6823-5p	1	0	3	1
hsa-miR-6824-3p	6	6	20	21
hsa-miR-6824-5p	0	0	13	2
hsa-miR-6825-3p	2	4	8	0
hsa-miR-6825-5p	4	11	32	16
hsa-miR-6826-3p	4	3	22	16
hsa-miR-6826-5p	4	5	0	0
hsa-miR-6827-3p	0	2	10	2
hsa-miR-6827-5p	0	2	10	10
hsa-miR-6828-5p	1	0	0	0
hsa-miR-6829-3p	1	0	1	2
hsa-miR-6829-5p	2	3	9	4
hsa-miR-6830-3p	4	0	3	0
hsa-miR-6831-3p	3	2	0	1
hsa-miR-6831-5p	1	1	2	0
hsa-miR-6832-3p	10	14	16	10
hsa-miR-6832-5p	5	4	14	13
hsa-miR-6833-3p	4	9	12	8
hsa-miR-6833-5p	0	1	0	1
hsa-miR-6834-3p	4	1	13	8
hsa-miR-6834-5p	0	0	20	9
hsa-miR-6835-3p	0	2	2	2
hsa-miR-6835-5p	0	1	3	2
hsa-miR-6836-3p	2	3	0	0
hsa-miR-6836-5p	5	4	4	3
hsa-miR-6837-3p	1	7	10	4
hsa-miR-6837-5p	0	4	3	4
hsa-miR-6838-3p	5	7	5	6
hsa-miR-6838-5p	1	2	5	4
hsa-miR-6839-5p	2	2	1	0
hsa-miR-6840-3p	7	8	16	21
hsa-miR-6840-5p	8	8	52	35
hsa-miR-6841-5p	0	1	0	0
hsa-miR-6842-3p	3	7	7	3
hsa-miR-6842-5p	0	0	0	1
hsa-miR-6844	52	60	45	59
hsa-miR-6845-3p	3	1	10	2
hsa-miR-6845-5p	0	0	0	1
hsa-miR-6846-3p	0	0	27	22
hsa-miR-6846-5p	0	0	20	10
hsa-miR-6847-3p	3	5	7	11
hsa-miR-6847-5p	5	20	16	11
hsa-miR-6848-3p	1	1	1	3
hsa-miR-6848-5p	8	12	23	14
hsa-miR-6849-3p	1	1	11	3
hsa-miR-6849-5p	0	0	0	1
hsa-miR-6850-3p	5	7	190	47
hsa-miR-6850-5p	8	7	651	291
hsa-miR-6851-3p	3	2	6	2
hsa-miR-6851-5p	13	12	48	24
hsa-miR-6852-3p	0	0	1	1
hsa-miR-6852-5p	5	3	9	9
hsa-miR-6853-3p	1	4	9	2
hsa-miR-6853-5p	2	0	0	0
hsa-miR-6854-3p	1	2	0	3
hsa-miR-6854-5p	1	0	4	2
hsa-miR-6855-3p	6	3	13	10
hsa-miR-6855-5p	3	1	3	2
hsa-miR-6856-3p	2	7	3	8
hsa-miR-6856-5p	2	1	3	0
hsa-miR-6857-3p	21	29	24	9
hsa-miR-6857-5p	6	12	4	4
hsa-miR-6858-3p	6	5	18	3
hsa-miR-6858-5p	18	13	41	9
hsa-miR-6859-3p	2	6	9	6
hsa-miR-6859-5p	3	2	7	10
hsa-miR-6860	0	0	31	21
hsa-miR-6861-3p	6	3	2	3
hsa-miR-6861-5p	1	2	1	2
hsa-miR-6862-3p	12	5	23	14
hsa-miR-6862-5p	16	10	38	29
hsa-miR-6864-3p	1	0	0	0
hsa-miR-6864-5p	0	1	0	1
hsa-miR-6865-3p	2	0	1	0
hsa-miR-6865-5p	2	4	7	3
hsa-miR-6866-3p	10	2	12	10
hsa-miR-6866-5p	3	11	17	17
hsa-miR-6867-5p	0	0	2	1
hsa-miR-6868-3p	11	9	9	6
hsa-miR-6869-3p	4	4	0	1
hsa-miR-6869-5p	23	14	26	17
hsa-miR-6870-3p	1	0	5	2
hsa-miR-6870-5p	0	0	2	0
hsa-miR-6871-3p	2	2	1	2
hsa-miR-6871-5p	4	3	11	2
hsa-miR-6872-3p	0	0	13	9
hsa-miR-6872-5p	0	0	8	8
hsa-miR-6873-3p	16	14	21	14
hsa-miR-6873-5p	5	5	3	1
hsa-miR-6874-3p	5	6	3	9
hsa-miR-6874-5p	1	1	1	0
hsa-miR-6875-3p	1	0	23	4
hsa-miR-6875-5p	0	2	15	8
hsa-miR-6876-3p	0	0	1	2
hsa-miR-6876-5p	1	0	10	3
hsa-miR-6877-3p	2	5	19	2
hsa-miR-6877-5p	37	28	47	58
hsa-miR-6878-3p	1	0	0	3
hsa-miR-6878-5p	0	3	0	4
hsa-miR-6879-3p	2	3	8	1
hsa-miR-6879-5p	0	0	2	0
hsa-miR-6880-3p	2	0	7	4
hsa-miR-6880-5p	1	4	6	0
hsa-miR-6881-3p	7	1	18	27
hsa-miR-6881-5p	0	0	6	3
hsa-miR-6882-3p	5	3	13	5
hsa-miR-6882-5p	16	16	13	14
hsa-miR-6883-3p	2	4	5	5
hsa-miR-6883-5p	0	0	0	1
hsa-miR-6884-3p	2	0	8	6
hsa-miR-6884-5p	0	3	7	8
hsa-miR-6885-3p	17	25	14	6
hsa-miR-6885-5p	5	11	9	7
hsa-miR-6886-3p	13	3	86	18
hsa-miR-6886-5p	26	29	93	132
hsa-miR-6888-3p	0	3	4	3
hsa-miR-6888-5p	0	1	0	1
hsa-miR-6889-3p	10	6	12	5
hsa-miR-6889-5p	25	17	21	20
hsa-miR-6890-3p	0	0	7	4
hsa-miR-6890-5p	3	1	14	4
hsa-miR-6891-3p	0	3	0	0
hsa-miR-6891-5p	3	5	17	6
hsa-miR-6892-3p	1	2	12	1
hsa-miR-6892-5p	0	0	4	2
hsa-miR-6893-3p	6	1	6	1
hsa-miR-6893-5p	2	1	9	3
hsa-miR-6894-3p	6	5	15	3
hsa-miR-6894-5p	6	5	1	7
hsa-miR-6895-3p	14	19	15	8
hsa-miR-6895-5p	3	1	2	0
hsa-miR-7-1-3p	2784	2430	2554	2077
hsa-miR-7-2-3p	2	2	3	3
hsa-miR-7-5p	138273	149240	88381	108120
hsa-miR-708-3p	428	347	0	1
hsa-miR-708-5p	2852	1556	0	2
hsa-miR-7106-3p	2	1	8	2
hsa-miR-7106-5p	3	12	20	5
hsa-miR-7107-3p	0	1	0	0
hsa-miR-7107-5p	0	0	8	6
hsa-miR-7108-3p	4	3	5	2
hsa-miR-7108-5p	46	55	124	53
hsa-miR-7109-3p	1	3	8	4
hsa-miR-7109-5p	8	12	12	11
hsa-miR-7110-3p	20	17	52	16
hsa-miR-7110-5p	2	2	7	2
hsa-miR-7111-3p	139	121	230	99
hsa-miR-7111-5p	13	11	43	15
hsa-miR-7112-3p	4	4	17	6
hsa-miR-7112-5p	10	5	4	10
hsa-miR-7113-3p	2	2	8	4
hsa-miR-7113-5p	9	7	15	13
hsa-miR-7114-3p	10	5	11	0
hsa-miR-7114-5p	16	12	32	12
hsa-miR-7151-3p	1	1	0	0
hsa-miR-7151-5p	0	0	0	1
hsa-miR-7152-3p	0	1	0	0
hsa-miR-7155-3p	1	0	8	7
hsa-miR-7155-5p	2	8	13	13
hsa-miR-7156-3p	3	3	0	0
hsa-miR-7156-5p	4	4	0	0
hsa-miR-7157-3p	2	0	0	0
hsa-miR-7160-3p	1	0	0	0
hsa-miR-7160-5p	1	0	0	0
hsa-miR-718	2	2	0	0
hsa-miR-744-3p	361	368	401	406
hsa-miR-744-5p	20826	24667	23758	26850
hsa-miR-758-3p	1	1	0	0
hsa-miR-758-5p	0	0	0	1
hsa-miR-760	1494	1460	4879	2176
hsa-miR-7641	24	49	74	81
hsa-miR-765	5	7	10	11
hsa-miR-766-3p	606	415	884	526
hsa-miR-766-5p	125	186	323	308
hsa-miR-767-3p	0	0	769	528
hsa-miR-767-5p	7	1	7136	7709
hsa-miR-769-3p	1530	2645	3563	4279
hsa-miR-769-5p	5732	9292	5620	11747
hsa-miR-7702	0	0	4	0
hsa-miR-7703	5	3	18	7
hsa-miR-7704	2	4	3	1
hsa-miR-7705	8	7	95	40
hsa-miR-7706	989	811	1646	1013
hsa-miR-7845-5p	16	19	10	13
hsa-miR-7850-5p	1	0	1	1
hsa-miR-7851-3p	71	92	22	80
hsa-miR-7852-3p	0	3	0	0
hsa-miR-7854-3p	54	57	83	66
hsa-miR-7974	1164	1960	2880	2568
hsa-miR-7976	199	228	214	126
hsa-miR-7977	2	0	1	0
hsa-miR-8072	23	8	43	20
hsa-miR-8078	0	2	0	0
hsa-miR-873-3p	5	5	413	441
hsa-miR-873-5p	74	15	1088	1255
hsa-miR-874-3p	212	432	480	290
hsa-miR-874-5p	18	31	54	31
hsa-miR-875-5p	0	0	1	0
hsa-miR-876-3p	4	0	132	135
hsa-miR-876-5p	30	5	279	656
hsa-miR-877-3p	438	395	887	427
hsa-miR-877-5p	2342	3036	18652	8001
hsa-miR-885-3p	0	1	0	0
hsa-miR-885-5p	6	9	2	2
hsa-miR-887-3p	43	37	6	0
hsa-miR-887-5p	1	0	0	0
hsa-miR-888-5p	4	12	2	2
hsa-miR-889-3p	1	0	0	2
hsa-miR-890	0	2	0	0
hsa-miR-891a-3p	1	0	0	0
hsa-miR-891a-5p	16	42	12	1
hsa-miR-891b	2	10	2	0
hsa-miR-892a	6	1	0	1
hsa-miR-892b	3	4	0	0
hsa-miR-892c-3p	0	2	0	0
hsa-miR-9-3p	5193	4034	66	22
hsa-miR-9-5p	21440	21878	101	101
hsa-miR-92a-1-5p	8286	8653	4483	1870
hsa-miR-92a-3p	1380619	1562051	1019589	603650
hsa-miR-92b-3p	23304	21723	100684	44792
hsa-miR-92b-5p	770	1066	4096	2762
hsa-miR-93-3p	5736	8957	10929	7487
hsa-miR-93-5p	239266	268342	69136	224690
hsa-miR-933	35	28	56	47
hsa-miR-934	7	9	2	7
hsa-miR-935	70	3	823	349
hsa-miR-937-3p	80	111	203	99
hsa-miR-937-5p	21	27	52	29
hsa-miR-938	0	4	1	3
hsa-miR-939-3p	20	28	24	24
hsa-miR-939-5p	52	129	153	125
hsa-miR-940	1306	1105	1197	948
hsa-miR-941	3818	3944	8411	5394
hsa-miR-942-3p	119	130	131	88
hsa-miR-942-5p	2810	3267	3293	2318
hsa-miR-943	11	18	6	16
hsa-miR-944	1	0	1	2
hsa-miR-95-3p	668	670	395	437
hsa-miR-95-5p	11	16	6	14
hsa-miR-96-3p	62	45	39	68
hsa-miR-96-5p	1578	1276	5550	3040
hsa-miR-98-3p	55	35	713	1301
hsa-miR-98-5p	1934	1003	28491	55827
hsa-miR-99a-3p	185	283	297	1230
hsa-miR-99a-5p	4201	5269	21442	27064
hsa-miR-99b-3p	1071	1733	4187	7041
hsa-miR-99b-5p	15609	20805	91905	86285
