,Library,Fold param.,i th str.,Apical junction position,Basal junction position,Basal segment boundaries,Stem length (bp),Lower stem length (bp),Upper stem length (bp),Mismatches,5p bulges,3p bulges,Mismatch at -6,bGWG at -10/-11,Apical loop size (nt),5' basal segment length (nt),3' basal segment length (nt),Cleavage efficiency (MP),Cleavage homogeneity (MP),Cleavage efficiency (MP+SRSF3),Cleavage Homogeneity (MP+SRSF3)
hsa-let-7a-1,rep2-1,-m 2.4 -i -0.8,1,"46, 74","11, 109","8, 117",34,13,21,0,2,2,0.0,0,27,2,7,1.4118388799961437,1.1213107510024576,2.2235392680954895,1.1063017052271995
hsa-let-7a-2,rep2-2,-m 1.8 -i -0.6,1,"49, 71","13, 106","5, 117",36,14,22,7,1,0,0.0,0,21,7,10,1.14042342012816,1.0011492017130408,2.0227059166074692,0.974804312013178
hsa-let-7a-3,rep2-3,-m 1.8 -i -0.6,1,"47, 72","12, 107","8, 112",35,14,21,1,1,1,0.0,0,24,3,4,0.6137307795240046,0.6348602418171317,1.2224578501052539,0.8091218033088233
hsa-let-7b,rep1,-m 2.4 -i -0.8,2,"44, 75","10, 108","0, 126",34,13,21,4,1,0,1.0,0,30,9,17,1.0531953798200169,0.9753190376434147,1.9005744972092016,0.9579827654666776
hsa-let-7c,rep2-2,-m 1.8 -i -0.6,1,"48, 70","13, 104","12, 108",34,13,21,3,2,1,0.0,0,21,0,3,0.0,0.15216006752345484,1.6142321957859855,0.8473409261110085
hsa-let-7e,rep2-3,-m 1.8 -i -0.6,1,"50, 69","14, 104","12, 108",36,13,23,6,1,0,0,0,18,1,3,1.3972376069090164,0.8276677245046749,1.9621480410055552,0.7032975461348653
hsa-let-7f-1,rep1,-m 2.4 -i -0.8,1,"44, 75","9, 108","0, 126",34,12,22,2,2,0,0.0,0,30,8,17,0.6038987498504746,0.5509656478578593,1.6435718189544424,0.8773024926048192
hsa-let-7f-2,rep2-2,-m 1.8 -i -0.6,1,"47, 74","13, 108","3, 115",34,13,21,0,1,1,0.0,0,26,9,6,1.3358056159644023,1.0727256653096422,2.1177964141508623,1.0773602874140449
hsa-let-7g,rep1,-m 1.8 -i -0.6,1,"44, 78","9, 112","0, 113",34,13,21,2,2,1,0.0,0,33,8,0,0.9962583026433736,0.4487033986845291,1.9814258030857967,0.7153699552603057
hsa-let-7i,rep2-1,-m 1.8 -i -0.6,1,"43, 76","7, 109","0, 111",34,13,21,2,3,0,1.0,0,32,6,1,0.4240312301069319,0.3657287307823248,1.5199231825276565,1.0188199497360155
hsa-mir-1-1,rep2-2,-m 1.8 -i -0.6,1,"52, 67","18, 101","13, 103",34,12,22,2,1,1,0.0,0,14,4,1,1.3574570107078214,1.0393574059439432,2.1316806343398738,1.1340562246655173
hsa-mir-1-2,rep2-3,-m 2.4 -i -0.8,1,"53, 68","19, 101","14, 126",34,12,22,2,1,0,1.0,0,14,4,24,1.1449934522589318,1.0188968697604301,1.617982612007527,1.0453251584319148
hsa-mir-100,rep2-3,-m 1.8 -i -0.6,6,"54, 66","20, 101","17, 107",34,12,22,6,1,2,1.0,0,11,2,5,0.8675960350111446,0.7404683022608761,1.6538909917056182,0.969373370882604
hsa-mir-101-1,rep1,-m 1.8 -i -0.6,1,"54, 67","20, 100","0, 109",33,12,21,3,2,1,0.0,0,12,19,8,1.013461883785215,0.6592984439663334,1.8540523472083443,0.8756238138473061
hsa-mir-101-2,rep2-3,-m 1.8 -i -0.6,1,"53, 66","20, 98","18, 100",32,11,21,2,2,1,0.0,0,12,1,1,0.5278962953914599,0.7328663660704776,1.927376906317469,0.6178044182322153
hsa-mir-103a-1,rep2-1,-m 1.8 -i -0.6,1,"54, 67","19, 102","15, 109",34,13,21,3,2,2,0.0,0,12,3,6,1.0563333884874395,1.0571489635573352,2.0406979099399867,1.1684596604269177
hsa-mir-103a-2,rep2-2,-m 1.2 -i -0.4,1,"53, 66","18, 101","14, 105",34,13,21,3,2,2,1.0,0,12,3,3,0.8715038429741272,0.7956394478137858,1.860054755859836,1.0374526435647937
hsa-mir-105-1,rep2-3,-m 1.8 -i -0.6,1,"55, 66","17, 103","14, 106",37,15,22,2,2,1,0.0,0,10,2,2,0.21360187774606235,0.1699373992011116,1.3647977694733402,0.5130536723753906
hsa-mir-105-2,rep2-1,-m 2.4 -i -0.8,1,"55, 66","19, 101","9, 104",35,13,22,3,2,1,0.0,0,10,9,2,0.0,0.05042360754071346,0.01696274476177454,0.23242475021760148
hsa-mir-106a,rep2-2,-m 1.8 -i -0.6,1,"54, 66","19, 101","0, 126",35,13,22,4,1,1,1.0,0,11,18,24,1.1940168951199364,0.5049805696830267,1.4214318580779253,0.5651314337238199
hsa-mir-106b,rep1,-m 1.8 -i -0.6,1,"54, 67","18, 103","14, 110",36,13,23,7,1,1,1,0,12,3,6,1.049519406236945,0.6731088383881914,1.845784048296626,1.1187607689328827
hsa-mir-107,rep1,-m 2.4 -i -0.8,1,"58, 64","18, 103","0, 106",38,14,24,3,3,2,0,0,5,17,2,0.6980013483538974,0.5267282670957055,1.3119513464338586,0.9427043278145084
hsa-mir-10a,rep2-2,-m 1.8 -i -0.6,1,"52, 69","17, 103","0, 126",35,13,22,4,1,0,0.0,0,16,16,22,0.846651466321009,0.7348475254524108,1.736271355469468,0.7278178402448794
hsa-mir-10b,rep2-2,-m 2.4 -i -0.8,2,"52, 68","17, 102","12, 104",35,13,22,3,1,0,0.0,0,15,4,1,0.892779337470956,0.7536738480947223,1.4183981263180712,0.7826365396652716
hsa-mir-1179,rep2-3,-m 1.8 -i -0.6,1,"51, 66","21, 98","20, 104",31,10,21,2,0,2,0.0,0,14,0,5,1.3881506665408965,0.6632415127262743,1.4314423111511418,0.919883093464956
hsa-mir-1180,rep1,-m 1.8 -i -0.6,2,"54, 66","20, 103","4, 120",35,14,21,5,0,3,0.0,0,11,15,16,1.2804415453188396,0.65525543157865,1.1827898706811704,0.8996297391110816
hsa-mir-1185-1,rep1,-m 2.4 -i -0.8,2,"52, 67","17, 102","11, 119",35,14,21,4,1,1,1.0,0,14,5,16,1.1146875699447214,0.9278325195147652,1.6647322469365171,1.0789625989684337
hsa-mir-1185-2,rep1,-m 1.8 -i -0.6,1,"52, 67","17, 102","11, 104",35,14,21,4,1,1,1.0,0,14,5,1,0.8682394872283115,0.7457083692151862,1.5840614069325154,1.0775158267552305
hsa-mir-1193,rep1,-m 2.4 -i -0.8,1,"52, 65","18, 98","16, 99",33,12,21,4,2,1,0.0,0,12,1,0,0.0,0.0,0.0,0.04336264427116939
hsa-mir-1197,rep2-2,-m 1.2 -i -0.4,1,"54, 67","19, 100","10, 106",32,13,19,3,4,2,1.0,0,12,8,5,0.2853381115716924,0.3181260043047519,0.30778210297812747,0.5430250962635753
hsa-mir-122,rep2-3,-m 1.8 -i -0.6,1,"53, 66","18, 101","16, 103",35,13,22,3,1,1,0.0,0,12,1,1,0.27967129878624314,0.4024465795679559,1.6392939029448508,1.1008218503300327
hsa-mir-124-1,rep1,-m 1.8 -i -0.6,2,"53, 67","19, 101","9, 103",35,12,23,7,0,0,1.0,0,13,9,1,1.263378491792023,0.9082773541893844,1.731617520695565,0.9914619987943035
hsa-mir-124-2,rep2-2,-m 1.8 -i -0.6,1,"54, 66","19, 101","13, 111",36,13,23,5,0,0,0,0,11,5,9,1.3071283767724793,1.0499579365056673,2.056715507375232,1.081487150661428
hsa-mir-124-3,rep2-3,-m 1.8 -i -0.6,1,"54, 67","19, 103","15, 105",35,13,22,4,1,2,1.0,0,12,3,1,1.1177653769693559,0.9053281733772572,2.2697617121733495,1.1233734325890155
hsa-mir-1245b,rep2-1,-m 2.4 -i -0.8,2,"56, 67","17, 104","10, 115",36,17,19,2,4,2,0.0,0,10,6,10,0.12172677817924377,0.10416084842345508,0.7409022296046497,0.13892612095047074
hsa-mir-1247,rep2-2,-m 1.8 -i -0.6,1,"53, 69","20, 104","15, 107",33,13,20,7,1,3,0.0,1,15,4,2,1.173690449288376,0.8804925608620965,1.6972945219548807,0.8169686225855394
hsa-mir-1249,rep2-3,-m 1.8 -i -0.6,1,"57, 66","20, 100","12, 109",34,12,22,5,4,1,1.0,0,8,7,8,0.08692678796622831,0.08133043820722938,1.037953355251473,0.30957912538314336
hsa-mir-1251,rep1,-m 2.4 -i -0.8,2,"52, 66","20, 99","19, 109",33,11,22,7,0,1,0.0,0,13,0,9,0.971276760480292,1.078994600292847,1.45000348325089,1.059404289917638
hsa-mir-1252,rep2-2,-m 1.8 -i -0.6,2,"56, 64","20, 100","12, 105",37,12,25,3,0,0,1.0,0,7,7,4,0.798267225911468,0.5955360624309459,2.0317385399298873,0.6157756769879495
hsa-mir-1256,rep1,-m 2.4 -i -0.8,2,"55, 65","18, 101","16, 108",37,14,23,6,1,0,0,0,9,1,6,0.8619559890929122,0.40283738725604745,1.3530638850222307,0.6372788246907939
hsa-mir-125a,rep1,-m 1.8 -i -0.6,2,"54, 67","18, 101","0, 102",35,13,22,6,2,0,1.0,0,12,17,0,1.2379013544294388,1.1804522145328944,2.120056414368932,1.2160508437324435
hsa-mir-125b-1,rep2-2,-m 1.8 -i -0.6,1,"53, 67","18, 103","0, 126",36,13,23,5,0,1,0,0,13,17,22,1.151928652405339,1.131324340212492,2.26900666236848,1.1791161347446264
hsa-mir-125b-2,rep1,-m 2.4 -i -0.8,1,"52, 68","21, 101","0, 126",31,10,21,2,1,3,0.0,0,15,20,24,0.6894100172480688,0.9481776919980955,1.7765384109445184,1.0779778924153616
hsa-mir-126,rep1,-m 2.4 -i -0.8,1,"49, 69","24, 94","23, 126",26,7,19,3,0,0,0.0,0,19,0,31,1.0126567809835312,0.6697494192351225,1.6561855631744187,0.8423767651048879
hsa-mir-1264,rep2-1,-m 1.2 -i -0.4,2,"50, 66","20, 96","8, 98",30,8,22,1,1,1,0.0,0,15,11,1,1.062218217441899,0.9074922575317789,1.6879143657220304,0.9881175915693666
hsa-mir-1266,rep2-2,-m 1.8 -i -0.6,3,"55, 67","15, 99","14, 114",33,11,22,0,8,0,0.0,0,11,0,14,0.8683167854215558,0.3694073250159299,1.6066411353526382,0.7289814688218145
hsa-mir-1269a,rep2-3,-m 1.8 -i -0.6,2,"51, 69","15, 104","13, 109",36,14,22,1,1,0,0.0,0,17,1,4,1.9130372306838241,0.6046189905429714,2.6260203786812504,0.6936586900993175
hsa-mir-127,rep1,-m 2.4 -i -0.8,2,"54, 66","18, 98","15, 103",33,12,21,4,4,0,1.0,0,11,2,4,1.0676221229091338,0.9007262315218774,0.48674201014921714,0.3893636674189029
hsa-mir-1270,rep2-1,-m 1.8 -i -0.6,1,"56, 65","19, 101","0, 114",37,13,24,4,1,0,0,0,8,18,12,0.07480457090661725,0.14850296808480462,1.5746529467424581,0.938997039677367
hsa-mir-1271,rep1,-m 1.8 -i -0.6,1,"54, 65","16, 103","15, 108",38,15,23,4,1,1,1,1,10,0,4,1.2228016885886999,1.0841296174356059,1.8558497703713386,1.1030473019960543
hsa-mir-1276,rep2-2,-m 1.8 -i -0.6,1,"51, 69","20, 102","7, 119",32,12,20,8,0,2,1.0,0,17,12,16,0.902953229146707,1.034107896554527,1.4253003473511763,0.9680799331989827
hsa-mir-1277,rep2-2,-m 2.4 -i -0.8,2,"54, 67","23, 98","10, 113",32,10,22,3,0,0,1.0,0,12,12,14,0.9169644701948861,0.757368219892581,2.111153016955468,0.9738977562215042
hsa-mir-1278,rep1,-m 1.8 -i -0.6,2,"52, 66","22, 96","0, 98",31,8,23,1,0,0,0.0,0,13,21,1,0.6922221221217773,0.3880620733468192,1.4044031367152676,0.5703432828859052
hsa-mir-128-1,rep2-3,-m 1.8 -i -0.6,1,"58, 63","20, 99","0, 126",37,13,24,7,2,0,0,0,4,19,26,0.8640514373560509,0.3453903987144277,2.104298807503689,0.7508155327950902
hsa-mir-1283-1,rep2-1,-m 1.8 -i -0.6,1,"51, 67","16, 102","0, 126",35,15,20,3,1,1,1.0,0,15,15,23,0.6099937394302114,0.8211810425004253,1.1096696814752465,1.0134223229399795
hsa-mir-1283-2,rep2-2,-m 1.8 -i -0.6,1,"51, 67","16, 102","0, 112",35,15,20,4,1,1,0.0,0,15,15,9,0.8469656032485012,0.8185019427117138,1.3688023971963357,0.7352610514108101
hsa-mir-1286,rep2-2,-m 2.4 -i -0.8,3,"57, 64","11, 101","9, 102",36,12,24,5,11,2,0.0,0,6,1,0,0.08191796888215619,0.027596459484476,1.32339828635718,0.63780419739357
hsa-mir-1287,rep2-2,-m 2.4 -i -0.8,1,"50, 70","16, 103","0, 107",33,13,20,6,2,1,0.0,0,19,15,3,0.0,0.16631806029355306,0.0,0.18369977446488142
hsa-mir-129-1,rep2-3,-m 2.4 -i -0.8,1,"50, 68","15, 104","0, 126",36,13,23,5,0,1,1,0,17,14,21,1.0562684724369655,0.6754187571125118,1.8775544248728386,1.023934541354522
hsa-mir-129-2,rep1,-m 2.4 -i -0.8,1,"52, 63","16, 103","7, 105",37,13,24,3,0,4,0,0,10,8,1,1.2095560100371183,1.0677615906581772,1.7032156051910192,1.0208849939655726
hsa-mir-1294,rep2-1,-m 2.4 -i -0.8,1,"50, 68","17, 101","0, 126",34,14,20,1,0,0,0.0,0,17,16,24,1.1049462515305608,0.479680446944973,1.903559341397527,0.611973955818602
hsa-mir-1295a,rep1,-m 1.8 -i -0.6,1,"53, 67","21, 99","0, 108",33,10,23,2,0,0,0.0,0,13,20,8,1.0367057394379597,0.49225824156439046,1.7599032298590835,0.6859988385308126
hsa-mir-1296,rep2-2,-m 1.8 -i -0.6,1,"52, 69","13, 104","0, 106",35,12,23,4,5,1,0.0,0,16,12,1,1.025476564899254,1.0527733987265229,1.9053744401307353,1.1261791269464223
hsa-mir-1298,rep2-3,-m 1.8 -i -0.6,1,"45, 74","10, 109","0, 126",36,13,23,3,0,0,1,0,28,9,16,1.009639177495324,1.0270326004813064,2.0957363076396045,1.0601591742653074
hsa-mir-1301,rep1,-m 1.8 -i -0.6,1,"52, 58","19, 102","0, 126",34,13,21,2,0,11,0.0,0,5,18,23,0.952913515866662,0.40821318646622945,1.6353650830967832,0.47231049337861886
hsa-mir-1307,rep1,-m 1.8 -i -0.6,1,"53, 68","17, 104","15, 108",36,14,22,7,1,1,1.0,0,14,1,3,0.8127958143128526,0.9855107443187175,1.472633192424531,0.9789241508555662
hsa-mir-130a,rep2-2,-m 2.4 -i -0.8,1,"49, 64","13, 111","10, 114",37,14,23,4,0,11,0,0,14,2,2,1.2500321595563544,0.6920051875921416,2.1840434101368627,0.9933733025826031
hsa-mir-130b,rep2-1,-m 1.8 -i -0.6,2,"49, 70","19, 100","17, 103",31,12,19,6,0,0,1.0,0,20,1,2,1.2227327005333726,0.8527166811689861,1.7740547091896712,1.0743343210007479
hsa-mir-132,rep2-2,-m 1.8 -i -0.6,1,"54, 67","19, 103","0, 126",36,14,22,7,0,1,1.0,0,12,18,22,1.1554495504304956,1.13896807688379,1.684381961347399,1.0109387349480292
hsa-mir-1323,rep2-1,-m 2.4 -i -0.8,3,"54, 66","17, 103","6, 114",37,16,21,5,1,1,0.0,0,11,10,10,0.9261114240063028,0.6555481551450372,1.5712799621718831,0.8579843853874496
hsa-mir-133a-1,rep2-3,-m 2.4 -i -0.8,1,"54, 67","18, 103","0, 110",37,14,23,10,0,0,1,0,12,17,6,0.5392325324377919,0.2403200702171658,1.9295992047256816,0.6880689926695125
hsa-mir-133a-2,rep2-1,-m 1.8 -i -0.6,2,"53, 66","18, 101","17, 104",36,13,23,8,0,0,1,0,12,0,2,0.3317941073647407,0.1389534274667349,0.5797443611352069,0.22333238463290334
hsa-mir-133b,rep2-2,-m 1.8 -i -0.6,1,"52, 66","17, 103","12, 112",36,14,22,5,0,2,0.0,0,13,4,8,1.1737885510463786,0.9167518838345945,2.0524545160279595,1.1431340849175953
hsa-mir-134,rep1,-m 2.4 -i -0.8,2,"50, 67","20, 98","10, 108",29,10,19,4,2,3,0.0,0,16,9,9,0.16193608202506468,0.16405442891024136,0.002841674153429555,0.06709566997639829
hsa-mir-1343,rep1,-m 1.8 -i -0.6,2,"54, 63","17, 100","9, 101",37,13,24,6,1,1,0,0,8,7,0,0.0,0.0,0.0,0.0
hsa-mir-135a-1,rep2-1,-m 2.4 -i -0.8,1,"53, 67","18, 101","0, 126",35,13,22,4,1,0,0.0,0,13,17,24,0.9261228575945981,0.9470471291010634,1.70892577996326,1.064595412396529
hsa-mir-135a-2,rep1,-m 1.8 -i -0.6,1,"53, 67","16, 102","0, 126",36,14,22,4,2,0,0.0,0,13,15,23,1.030727389787892,0.7663565138846682,1.8656326175014293,0.9185688786941872
hsa-mir-135b,rep2-2,-m 1.8 -i -0.6,1,"53, 68","10, 104","9, 116",37,15,22,2,7,0,0.0,0,14,0,11,1.1383480127298318,1.0755851115552357,1.9154978731561065,1.1733145530546913
hsa-mir-136,rep2-3,-m 2.4 -i -0.8,1,"55, 65","17, 103","13, 126",38,16,22,4,1,1,0.0,0,9,3,22,1.2535129721073575,0.4852328255456944,2.1747302228322725,0.31062275002165995
hsa-mir-137,rep1,-m 1.8 -i -0.6,1,"55, 66","19, 101","18, 110",36,13,23,3,1,0,0,0,10,0,8,0.9816158204478155,1.0656962121280484,1.86042422440486,1.1460025108134877
hsa-mir-138-1,rep2-1,-m 1.8 -i -0.6,1,"54, 66","16, 102","12, 103",37,14,23,4,2,0,0,0,11,3,0,0.3935874725856624,0.1770616027961028,1.8753639096903079,1.0139636014531652
hsa-mir-138-2,rep1,-m 1.8 -i -0.6,1,"48, 71","11, 106","7, 111",35,14,21,6,3,1,0.0,0,22,3,4,0.47474069189777407,0.38426151107698026,1.1096014596692774,0.4687138169437003
hsa-mir-139,rep2-3,-m 2.4 -i -0.8,1,"54, 66","17, 105","0, 126",37,15,22,2,1,3,1.0,0,11,16,20,0.5311951505127569,0.7003884605494033,1.9779448148796177,1.0162426196618692
hsa-mir-140,rep1,-m 1.8 -i -0.6,1,"52, 67","21, 98","15, 100",31,9,22,1,1,1,0.0,0,14,5,1,1.3395563875274779,0.8579931682629468,2.449792021753899,1.0904754097588214
hsa-mir-142,rep2-2,-m 1.8 -i -0.6,1,"51, 69","18, 102","0, 104",34,14,20,3,0,0,1.0,0,17,17,1,0.5537701154516701,0.4627463721818159,1.6031379944533122,0.37581553504652887
hsa-mir-143,rep1,-m 1.8 -i -0.6,1,"53, 65","20, 96","5, 108",32,11,21,5,2,0,1.0,0,11,14,11,0.9723038959720076,0.8913551949575886,1.777840578521764,1.1445979327451938
hsa-mir-144,rep1,-m 1.8 -i -0.6,1,"52, 70","20, 102","10, 119",32,13,19,2,1,1,1.0,0,17,9,16,1.3877485510384728,1.2188713127250723,2.177879142109067,1.230964298472172
hsa-mir-145,rep2-2,-m 1.8 -i -0.6,1,"53, 67","17, 102","13, 108",35,13,22,4,2,1,0.0,0,13,3,5,0.9390827579269516,0.3389401898037007,1.7858520239449973,1.0201228795380028
hsa-mir-146a,rep2-3,-m 1.8 -i -0.6,1,"53, 66","19, 98","17, 105",33,12,21,3,2,0,0.0,0,12,1,6,0.0,0.05835494576736547,0.9749101375028245,0.43599835822877786
hsa-mir-146b,rep1,-m 1.8 -i -0.6,2,"51, 68","21, 100","20, 114",29,10,19,1,2,4,0.0,0,16,0,13,1.2589261200472552,1.0210691223971977,1.7159311239149313,0.8617518631094505
hsa-mir-147b,rep2-2,-m 1.8 -i -0.6,1,"49, 70","17, 102","0, 126",33,14,19,3,0,0,0.0,0,20,16,23,0.0,0.013806546082961627,1.4582519448830205,0.5863732357781167
hsa-mir-148a,rep2-2,-m 1.8 -i -0.6,1,"53, 68","19, 102","14, 104",33,13,20,2,2,2,1.0,0,14,4,1,0.7246507532470545,0.5285433509060362,1.7955965916123109,0.8560472342134572
hsa-mir-148b,rep2-3,-m 1.8 -i -0.6,2,"53, 67","22, 96","0, 99",30,8,22,2,2,0,0.0,0,13,21,2,0.5967225846749182,0.5240475985884752,1.376919951775997,1.010706995020907
hsa-mir-149,rep2-1,-m 1.8 -i -0.6,1,"52, 68","17, 103","10, 113",34,13,21,3,2,2,0.0,0,15,6,9,2.208331826089312,1.1820907733402266,2.1548817174306407,1.1786247207777765
hsa-mir-150,rep2-2,-m 1.8 -i -0.6,1,"52, 68","19, 100","0, 126",32,13,19,2,2,1,0.0,0,15,18,25,1.8450929776864684,0.9880662232915397,2.1347875258620905,1.036343288616732
hsa-mir-151a,rep2-3,-m 1.8 -i -0.6,1,"54, 67","24, 96","13, 99",30,9,21,2,1,0,0.0,0,12,10,2,0.9156459693026249,0.5174795273484545,1.9257480850743978,0.9393575983562726
hsa-mir-152,rep2-1,-m 1.8 -i -0.6,1,"54, 68","18, 102","15, 116",35,14,21,5,2,0,1.0,0,13,2,13,1.3170433660458414,0.6400023970850897,2.040884419168409,0.5338340517837379
hsa-mir-153-1,rep2-3,-m 2.4 -i -0.8,1,"52, 67","18, 103","13, 104",35,13,22,2,0,2,0.0,0,14,4,0,1.1763711774051715,0.9366519967986512,2.0521257442307137,1.0415845983243728
hsa-mir-153-2,rep1,-m 1.8 -i -0.6,1,"53, 68","19, 103","11, 111",35,12,23,4,0,1,1.0,0,14,7,7,1.107002639468598,0.9324148846487686,1.751157407553328,1.0482370350579209
hsa-mir-154,rep2-3,-m 1.8 -i -0.6,1,"53, 66","19, 100","15, 112",35,13,22,6,0,0,1.0,0,12,3,11,1.235567778402678,1.042244971573761,1.9686392380807056,1.0071028419701695
hsa-mir-155,rep2-1,-m 1.8 -i -0.6,2,"53, 67","17, 103","9, 104",35,13,22,1,2,2,0.0,0,13,7,0,0.9563719582269142,1.001432378746915,1.3179631171277513,1.0335273186699918
hsa-mir-15b,rep2-2,-m 1.8 -i -0.6,3,"53, 66","18, 101","16, 109",36,13,23,10,0,0,1,0,12,1,7,0.5853475484262238,0.5626441017132848,1.320460017412015,0.9216003831462339
hsa-mir-16-1,rep2-3,-m 1.8 -i -0.6,1,"57, 67","16, 104","0, 126",37,13,24,4,5,1,1,0,9,15,21,0.9199885796208029,0.8347155251414691,1.723113019418351,0.8464944647646332
hsa-mir-16-2,rep2-1,-m 1.2 -i -0.4,1,"50, 68","16, 102","10, 107",34,12,22,4,1,1,1.0,0,17,5,4,0.9732621523372501,0.8060971160377568,1.7195542564483963,0.944078259570966
hsa-mir-17,rep2-2,-m 1.8 -i -0.6,1,"55, 63","18, 101","0, 126",37,13,24,6,1,2,0,0,7,17,24,0.702319046446346,0.3912449242102501,1.1464857997753164,0.9565491799969481
hsa-mir-181a-1,rep2-3,-m 1.8 -i -0.6,1,"55, 69","18, 104","17, 106",35,13,22,6,3,1,1.0,0,13,0,1,0.9377516328846442,1.088240510724509,1.8174877684092101,1.0592725710505275
hsa-mir-181b-1,rep2-2,-m 1.8 -i -0.6,1,"54, 69","21, 99","0, 111",31,10,21,5,3,0,0.0,0,14,20,11,0.11818356650980753,0.5307651314537499,0.05167413072403837,0.16782907676222017
hsa-mir-181b-2,rep2-3,-m 1.8 -i -0.6,1,"57, 65","20, 100","0, 116",35,11,24,5,3,1,0.0,0,7,19,15,0.0,0.12301868651866928,0.14542534057740747,0.27999185516907404
hsa-mir-181c,rep2-1,-m 1.2 -i -0.4,1,"54, 66","20, 98","6, 118",33,10,23,4,2,0,0.0,0,11,13,19,1.2901397877156073,1.133021387361822,2.0183270216770692,1.0191970525420977
hsa-mir-181d,rep2-2,-m 1.8 -i -0.6,1,"52, 69","14, 103","10, 111",35,14,21,5,4,0,0.0,0,16,3,7,0.08964788490011902,0.1707535093341334,0.08829785938305476,0.13948559029886592
hsa-mir-182,rep2-3,-m 2.4 -i -0.8,2,"55, 67","17, 103","0, 126",36,11,25,7,3,1,0.0,0,11,16,22,1.4705279822633421,1.0197976792214996,2.0437905748494436,1.1546626504928936
hsa-mir-183,rep1,-m 1.8 -i -0.6,1,"53, 68","19, 103","17, 108",32,12,20,1,3,4,0.0,1,14,1,4,1.2766795826155137,1.006588736263175,1.7470912377510708,0.5381154343462639
hsa-mir-184,rep2-1,-m 1.8 -i -0.6,1,"54, 64","19, 100","18, 110",36,11,25,8,0,1,0.0,0,9,0,9,1.2445576003440646,1.1031679907294392,1.986784220978096,1.117329313690818
hsa-mir-185,rep2-2,-m 2.4 -i -0.8,1,"53, 67","20, 99","9, 119",33,13,20,2,1,0,0.0,0,13,10,19,1.090471272804832,1.060149643532778,2.095487221658457,1.0227357897448803
hsa-mir-187,rep2-1,-m 1.2 -i -0.4,3,"53, 68","21, 99","7, 112",32,12,20,5,1,0,0.0,0,14,13,12,0.718163693462835,0.4127537848471623,1.229107203781247,0.9254581980733374
hsa-mir-188,rep2-2,-m 1.8 -i -0.6,1,"51, 68","18, 101","8, 112",33,12,21,7,1,1,1.0,0,16,9,10,1.1657991379699213,1.154246376107618,2.0574453516277327,1.1859687377851214
hsa-mir-18a,rep1,-m 1.8 -i -0.6,1,"50, 67","15, 104","10, 110",35,13,22,5,1,3,0.0,0,16,4,5,0.7410190752207584,1.064602509124414,1.6485769992972814,1.024597997361142
hsa-mir-18b,rep1,-m 2.4 -i -0.8,1,"48, 70","18, 99","0, 126",28,8,20,4,3,2,0.0,0,21,17,26,0.7039984502202622,0.8993216495262388,1.4383886319077537,1.054804851535804
hsa-mir-1908,rep2-2,-m 2.4 -i -0.8,2,"55, 71","16, 102","12, 103",32,14,18,3,8,0,0.0,0,15,3,0,0.0,0.08132529089824254,0.0,0.06116015780684113
hsa-mir-190a,rep2-3,-m 2.4 -i -0.8,1,"51, 69","19, 101","11, 105",31,12,19,2,2,2,1.0,0,17,7,3,1.1960347867087597,1.0516392026962926,2.049078697156017,1.1937115535783003
hsa-mir-190b,rep2-2,-m 2.4 -i -0.8,1,"51, 63","21, 98","0, 126",31,10,21,3,0,5,1.0,0,11,20,27,1.3471630694020331,0.8675396836677824,2.1431970846668333,1.0890464428170772
hsa-mir-191,rep1,-m 2.4 -i -0.8,1,"52, 70","16, 105","11, 112",36,14,22,6,1,0,0.0,0,17,4,6,0.5309232642776341,0.45835501648606936,1.5664052150609682,0.8595430636111443
hsa-mir-1911,rep2-3,-m 1.8 -i -0.6,1,"54, 67","19, 101","18, 103",35,13,22,7,1,0,1.0,0,12,0,1,1.0367883343258757,1.0793529732876261,2.0029706710559823,1.187963642980611
hsa-mir-1913,rep2-2,-m 2.4 -i -0.8,1,"52, 68","17, 102","6, 113",31,12,19,5,5,4,0.0,0,15,10,10,0.018201103096318737,0.09338533444230764,0.3836275996904223,0.2975788220482871
hsa-mir-192,rep2-3,-m 1.8 -i -0.6,1,"51, 68","15, 106","5, 113",37,14,23,6,0,2,0,0,16,9,6,0.4639975715165516,0.2342792036513551,0.0,0.0924211048389381
hsa-mir-193a,rep2-1,-m 2.4 -i -0.8,1,"57, 65","20, 98","14, 100",34,12,22,6,4,0,0.0,0,7,5,1,1.04529577801442,0.8015593612337001,2.069888558687869,0.9956223765772662
hsa-mir-193b,rep2-2,-m 1.8 -i -0.6,1,"52, 65","19, 99","18, 107",34,12,22,3,0,1,0.0,0,12,0,7,0.8360336530031789,0.7908772479914802,1.7984289058028753,1.1502890012082614
hsa-mir-194-1,rep1,-m 1.8 -i -0.6,1,"54, 68","20, 102","13, 113",34,13,21,3,1,1,0.0,0,13,6,10,0.7761634145866152,0.7810953964433208,1.495885089816615,0.8343240589510462
hsa-mir-194-2,rep2-3,-m 2.4 -i -0.8,1,"54, 68","17, 104","15, 117",36,15,21,3,2,1,0.0,0,13,1,12,1.2867655596262404,1.0342930826323522,1.8572832797328271,1.0466537116421366
hsa-mir-195,rep2-1,-m 2.4 -i -0.8,1,"52, 67","22, 98","10, 119",31,9,22,9,0,1,0.0,0,14,11,20,1.0010275541776317,0.767916285718197,1.7638028339210479,1.0514912806757202
hsa-mir-196a-1,rep1,-m 1.8 -i -0.6,1,"51, 70","17, 102","16, 104",33,13,20,3,2,0,0.0,0,18,0,1,0.9359472045564247,0.7759197616987552,1.430725295330865,0.8913854334854906
hsa-mir-196a-2,rep2-2,-m 1.8 -i -0.6,2,"52, 66","17, 99","0, 104",34,12,22,1,2,0,0.0,0,13,16,4,1.0589617155575899,0.8369272302831505,1.8842213524673026,0.8975787125954564
hsa-mir-196b,rep2-3,-m 1.8 -i -0.6,1,"55, 66","18, 101","0, 126",36,13,23,5,2,0,0,0,10,17,24,0.4973488932799613,0.5470412747431417,1.1654349691809962,0.9653902521024572
hsa-mir-197,rep1,-m 1.8 -i -0.6,1,"53, 65","22, 96","16, 114",31,8,23,4,1,1,0.0,0,11,5,17,1.029422982461298,0.7430737140599036,1.803955570966953,0.8279897747712491
hsa-mir-199a-1,rep2-2,-m 1.8 -i -0.6,1,"53, 68","20, 100","19, 110",32,10,22,3,2,1,1.0,0,14,0,9,0.7642520255300679,0.42325535262199127,2.051378971057413,0.8724950126496656
hsa-mir-199a-2,rep2-3,-m 1.8 -i -0.6,1,"54, 67","17, 104","7, 108",37,14,23,6,1,1,1,0,12,9,3,1.0684565063367404,0.7469413044361595,1.9947997434313098,0.812641953061608
hsa-mir-199b,rep2-1,-m 2.4 -i -0.8,1,"51, 70","23, 98","0, 104",28,8,20,2,1,1,0.0,0,18,22,5,1.1566374940466544,0.7395186732422792,1.5984591538558306,0.7576986468118825
hsa-mir-19a,rep2-2,-m 1.8 -i -0.6,1,"53, 61","19, 100","0, 106",35,13,22,2,0,5,1.0,0,7,18,5,0.5820104879180436,0.6846783284110204,1.6679296696543862,0.9545543043975692
hsa-mir-19b-1,rep2-3,-m 1.8 -i -0.6,1,"52, 66","15, 101","11, 117",34,13,21,0,4,2,0.0,0,13,3,15,1.2404957245187882,1.1006866648742712,1.47373246054299,0.9790277487712489
hsa-mir-19b-2,rep1,-m 1.8 -i -0.6,1,"52, 70","16, 110","0, 126",34,13,21,0,3,7,0.0,0,17,15,15,0.8516712763443255,1.0801911779221232,1.4268337337333519,1.036126298727512
hsa-mir-200a,rep2-2,-m 1.8 -i -0.6,1,"51, 57","17, 104","6, 114",35,14,21,3,0,13,0.0,0,5,10,9,0.0,0.2996227949835238,1.9324033732498345,0.6848858031333037
hsa-mir-200b,rep2-3,-m 2.4 -i -0.8,1,"52, 67","19, 100","0, 126",33,12,21,5,1,1,0.0,0,14,18,25,0.0,0.11179032665061883,0.7525816986652002,0.3782399843741656
hsa-mir-200c,rep2-1,-m 1.8 -i -0.6,1,"52, 66","17, 103","9, 118",36,13,23,3,0,2,0,0,13,7,14,1.162095178945809,1.1021350335206046,1.898374287211252,1.0451120530919558
hsa-mir-202,rep2-2,-m 1.8 -i -0.6,1,"58, 65","19, 105","16, 107",39,15,24,2,1,2,0,0,6,2,1,0.015471696728827212,0.11797527207621272,0.5669182456724281,0.49036446066888495
hsa-mir-203a,rep2-3,-m 1.2 -i -0.4,3,"55, 65","17, 102","0, 107",38,14,24,4,1,0,0,0,9,16,4,1.075372153807342,0.5469911576876523,1.7375105471657342,0.8920237714480519
hsa-mir-204,rep2-1,-m 1.8 -i -0.6,1,"53, 69","19, 102","8, 104",34,13,21,5,1,0,1.0,0,15,10,1,1.222772827287422,1.008071215065608,2.0976282132349846,1.0982306071024666
hsa-mir-205,rep2-2,-m 1.8 -i -0.6,1,"53, 67","15, 101","9, 113",35,13,22,3,4,0,0.0,0,13,5,11,1.1764394738946122,0.7387316183937582,2.0782662428407552,1.1173577920353932
hsa-mir-206,rep2-3,-m 1.8 -i -0.6,1,"53, 67","18, 101","9, 102",35,13,22,2,1,0,0.0,0,13,8,0,1.2611636348107682,1.2098383771810532,1.6834301611062452,1.2133445514535088
hsa-mir-208a,rep2-3,-m 1.8 -i -0.6,1,"54, 66","19, 101","14, 107",36,14,22,6,0,0,0.0,0,11,4,5,1.1439470889260521,0.7512571862881999,1.8458452957903164,1.0166954294131967
hsa-mir-208b,rep2-1,-m 1.8 -i -0.6,1,"56, 64","21, 101","13, 112",36,12,24,4,0,2,0.0,0,7,7,10,1.349040980831819,0.972821876436045,1.949129650547047,0.8408291877264168
hsa-mir-20b,rep2-3,-m 1.8 -i -0.6,1,"50, 71","19, 102","17, 105",31,12,19,4,1,1,0.0,0,20,1,2,0.861768138789827,1.0361491042870383,1.7848658994344162,1.1866362662965144
hsa-mir-21,rep1,-m 2.4 -i -0.8,1,"54, 67","15, 104","12, 116",38,16,22,4,2,0,0.0,0,12,2,11,0.8725614453983873,0.9130154619926478,1.8287107436514451,0.7450027005794887
hsa-mir-210,rep1,-m 1.8 -i -0.6,2,"53, 68","18, 103","16, 106",35,14,21,4,1,1,0.0,0,14,1,2,0.6966803035177929,0.4942335807104726,1.654926539164187,0.7650345871419538
hsa-mir-211,rep2-3,-m 1.8 -i -0.6,1,"54, 68","20, 101","0, 109",34,13,21,6,1,0,1.0,0,13,19,7,1.071844162356634,1.0322013789218634,1.7332483429040415,1.1455315436900548
hsa-mir-2115,rep2-1,-m 1.8 -i -0.6,1,"53, 67","18, 105","0, 115",36,14,22,4,0,3,0.0,1,13,17,9,1.0829920995074556,1.0292808091116106,1.6677079645051172,0.9683107775641749
hsa-mir-2116,rep2-2,-m 2.4 -i -0.8,1,"55, 65","18, 104","4, 108",38,15,23,6,0,2,1,0,9,13,3,0.0,0.10601847007677123,0.8265220210754918,0.4380743569840985
hsa-mir-212,rep2-3,-m 2.4 -i -0.8,2,"54, 68","19, 102","0, 126",34,11,23,6,2,1,0.0,0,13,18,23,0.03964043715407674,0.05368526707194701,0.0514214804631574,0.04104986301207197
hsa-mir-214,rep1,-m 1.8 -i -0.6,1,"53, 67","17, 103","11, 104",37,13,24,4,0,0,0,0,13,5,0,0.0,0.049894011463126074,0.0,0.04149339959198306
hsa-mir-215,rep2-2,-m 1.2 -i -0.4,2,"54, 66","18, 109","15, 112",37,14,23,6,0,7,0,0,11,2,2,0.3940602635653908,0.3562493773359713,1.2850215601925858,0.8761836699141858
hsa-mir-216a,rep2-3,-m 1.8 -i -0.6,1,"53, 69","17, 103","14, 108",35,13,22,5,2,0,0.0,0,15,2,4,1.1260658206115381,0.9342148634662509,1.644875000972336,0.9031152487802896
hsa-mir-216b,rep2-1,-m 1.8 -i -0.6,1,"53, 66","18, 103","0, 126",36,13,23,7,0,2,0,0,12,17,22,0.9502289601716972,0.7461664185504949,1.7439866023875341,0.719043047323732
hsa-mir-217,rep2-1,-m 1.2 -i -0.4,1,"53, 68","15, 104","0, 126",33,15,18,3,6,4,0.0,0,14,14,21,0.4322257382232085,0.5836585315402176,1.6665580307653765,0.9864711236320216
hsa-mir-218-1,rep2-2,-m 1.8 -i -0.6,1,"49, 70","16, 103","0, 107",34,13,21,5,0,0,1.0,0,20,15,3,0.9344659542865105,0.941127154393116,1.5189541216624807,0.9549031265688498
hsa-mir-218-2,rep2-3,-m 2.4 -i -0.8,2,"50, 71","22, 99","21, 110",29,8,21,5,0,0,0.0,0,20,0,10,0.8920629742734411,0.5327233006526964,1.8544192159607742,1.0696905378851214
hsa-mir-219a-1,rep2-1,-m 1.8 -i -0.6,1,"55, 65","16, 102","12, 114",38,13,25,5,2,0,0,0,9,3,11,1.6469714251642782,1.0857960972996819,2.06210483075743,0.7010842006751752
hsa-mir-219a-2,rep1,-m 2.4 -i -0.8,1,"51, 70","16, 104","14, 105",35,13,22,4,1,0,1.0,0,18,1,0,1.0904750379981292,0.8918436319432506,2.2306080290384998,1.184611818925456
hsa-mir-22,rep2-3,-m 1.2 -i -0.4,3,"53, 68","18, 102","0, 126",34,13,21,2,2,1,1.0,0,14,17,23,0.7275856748262581,0.6920341120945183,1.3300785020136692,0.8649666891328059
hsa-mir-221,rep1,-m 1.8 -i -0.6,1,"55, 68","12, 104","11, 109",36,14,22,2,8,1,0.0,0,12,0,4,1.2708814431593076,0.734529089912599,1.390623086229258,0.9434720187366967
hsa-mir-222,rep2-2,-m 1.8 -i -0.6,1,"48, 72","8, 107","0, 126",35,16,19,3,6,1,1.0,0,23,7,18,0.7481723530458914,0.5500848904837701,1.6056085632675534,1.084910421840883
hsa-mir-223,rep2-3,-m 1.8 -i -0.6,1,"58, 68","15, 106","0, 126",38,14,24,5,6,1,1,0,9,14,19,0.9731191315440764,0.5082636234972729,2.009490342749027,0.9587861154879193
hsa-mir-224,rep1,-m 2.4 -i -0.8,1,"48, 75","14, 108","11, 112",34,14,20,6,1,0,0.0,0,26,2,3,0.6152450546409303,0.4551307624930154,1.9986283867240564,0.7130594183443665
hsa-mir-2277,rep2-2,-m 1.8 -i -0.6,3,"53, 68","15, 103","11, 111",36,13,23,5,3,0,1,0,14,3,7,1.3482647135269143,1.1084672214147246,1.6573980923142115,1.0177788932804823
hsa-mir-2278,rep2-2,-m 1.8 -i -0.6,2,"49, 70","18, 100","16, 123",30,8,22,4,2,1,0.0,0,20,1,22,0.12207663802971525,0.03705827738349972,0.6475178376851871,0.5053623659743139
hsa-mir-2355,rep2-3,-m 2.4 -i -0.8,1,"57, 67","17, 105","12, 107",38,12,26,4,3,1,1.0,0,9,4,1,0.48011107609134035,0.4528881919728218,1.7927707397879946,0.8033453215038351
hsa-mir-23a,rep2-1,-m 1.8 -i -0.6,1,"54, 65","19, 102","10, 112",36,13,23,5,0,2,1,0,10,8,9,1.3850635317635507,0.8260182106745507,2.283995091384975,0.925892425473495
hsa-mir-23b,rep2-2,-m 1.8 -i -0.6,1,"51, 66","14, 103","10, 105",35,14,21,4,3,3,0.0,0,14,3,1,0.4189826452072643,0.37285375314874336,1.5230427352294744,1.0178134794412081
hsa-mir-24-1,rep2-3,-m 1.8 -i -0.6,1,"53, 67","22, 96","20, 126",30,8,22,5,2,0,1.0,0,13,1,29,1.0414233527740642,0.46748598666793356,1.6317959732914542,0.8580171797358497
hsa-mir-24-2,rep1,-m 1.2 -i -0.4,1,"55, 68","18, 102","15, 107",35,13,22,7,3,0,0.0,0,12,2,4,1.4425242957809747,0.9800030685940253,1.6512552775641474,0.9521941401058082
hsa-mir-2467,rep1,-m 1.8 -i -0.6,1,"54, 69","13, 105","3, 121",37,15,22,4,5,0,0.0,0,14,9,15,0.332275035182412,0.38876407158672954,0.3137804131370571,0.1397169683915035
hsa-mir-25,rep2-3,-m 2.4 -i -0.8,1,"54, 68","13, 103","0, 126",35,15,20,4,7,1,1.0,0,13,12,22,0.4729016019620792,0.543259100345054,1.6408206145192366,0.9369121598277986
hsa-mir-2681,rep2-1,-m 1.8 -i -0.6,1,"53, 67","18, 102","5, 117",36,14,22,4,0,0,0.0,0,13,12,14,0.3383672234875628,0.25545159387163274,2.008884350766903,0.6728022190446759
hsa-mir-26a-1,rep1,-m 1.8 -i -0.6,3,"51, 67","16, 103","14, 107",36,14,22,3,0,1,1.0,0,15,1,3,1.2498977980138088,1.14081680880868,1.8236972321899916,1.176236062206057
hsa-mir-26a-2,rep1,-m 1.8 -i -0.6,2,"53, 68","19, 102","14, 105",35,13,22,5,0,0,1.0,0,14,4,2,0.7805464249238006,0.37945939330274103,1.6138415807432411,0.8811475886239742
hsa-mir-26b,rep2-2,-m 1.8 -i -0.6,1,"54, 64","21, 97","20, 104",33,11,22,4,1,1,1.0,0,9,0,6,1.2003235508837684,0.8778855357611108,1.9352324550880702,1.0273012132646144
hsa-mir-27a,rep1,-m 2.4 -i -0.8,1,"52, 70","19, 102","15, 105",33,12,21,3,1,0,1.0,0,17,3,2,1.4592172399862304,0.7233644215384845,2.0423515311946643,0.6470763680498194
hsa-mir-27b,rep2-3,-m 2.4 -i -0.8,1,"51, 69","14, 102","13, 104",34,13,21,1,4,0,0.0,0,17,0,1,1.4601427423490903,1.0321723028109446,1.61856950969372,0.9656754053002189
hsa-mir-28,rep2-1,-m 1.8 -i -0.6,1,"54, 61","17, 102","0, 106",38,13,25,4,0,4,0,0,6,16,3,1.1287678580230993,0.7350015386060096,2.010146814816588,0.9459698160232873
hsa-mir-296,rep1,-m 2.4 -i -0.8,1,"52, 69","22, 100","8, 114",30,11,19,2,1,2,0.0,0,16,13,13,1.3248578345059376,0.5551268030352473,2.00244392039904,0.6014512724201052
hsa-mir-299,rep2-1,-m 1.2 -i -0.4,1,"55, 63","20, 96","0, 126",34,11,23,1,2,0,0.0,0,7,19,29,0.0,0.1463033926921269,1.4680072587861888,0.4312907290895785
hsa-mir-29a,rep2-2,-m 1.8 -i -0.6,1,"55, 67","18, 103","16, 105",37,14,23,10,1,0,1,0,11,1,1,0.5680988479702928,0.5220686208974288,1.6461796230050911,1.079456665569026
hsa-mir-29b-1,rep2-3,-m 1.8 -i -0.6,1,"54, 68","18, 103","0, 106",35,12,23,1,2,1,0.0,0,13,17,2,0.9199645505277658,0.7976799061520871,1.6775660415579683,1.050026997302444
hsa-mir-29b-2,rep2-1,-m 1.8 -i -0.6,1,"53, 68","16, 105","15, 108",36,14,22,1,2,2,0.0,0,14,0,2,0.24828290671281802,0.23602641350301307,1.523633356133052,0.7176991909576397
hsa-mir-29c,rep2-2,-m 1.8 -i -0.6,2,"56, 68","18, 103","0, 126",35,13,22,3,4,1,0.0,0,11,17,22,0.0,0.0,0.09397507428279954,0.32435605754994823
hsa-mir-301a,rep2-3,-m 2.4 -i -0.8,1,"53, 61","19, 102","0, 114",35,12,23,7,0,7,1.0,0,7,18,11,0.9765295289901708,0.852744852999315,1.656710421370008,0.9324515312450219
hsa-mir-301b,rep1,-m 2.4 -i -0.8,2,"49, 67","18, 101","16, 105",31,12,19,2,1,4,0.0,0,17,1,3,1.4175005589835388,1.0181896574270337,2.102246407838621,0.9808541056682374
hsa-mir-302a,rep2-2,-m 2.4 -i -0.8,1,"55, 65","19, 101","0, 126",37,12,25,5,0,0,1.0,0,9,18,24,1.1326347105457801,1.0386926039995674,1.7714920923811646,1.1444501613527198
hsa-mir-302b,rep1,-m 1.8 -i -0.6,1,"54, 66","13, 103","7, 106",38,15,23,5,4,0,0,0,11,5,2,0.910281126518312,0.9352240448157759,1.923894429641428,1.2015091440708987
hsa-mir-302c,rep1,-m 2.4 -i -0.8,4,"53, 66","31, 88","29, 89",23,2,21,4,0,0,,0,12,1,0,0.4937743055751711,0.8551718853839929,1.2747691937576489,0.9900330191743965
hsa-mir-302d,rep1,-m 2.4 -i -0.8,1,"50, 70","18, 101","0, 126",31,11,20,2,2,1,0.0,0,19,17,24,0.905945432003381,0.827662132712101,1.915459286115393,0.6684286993948206
hsa-mir-30a,rep1,-m 1.8 -i -0.6,2,"53, 69","19, 101","18, 111",33,11,22,2,2,0,1.0,0,15,0,9,1.0,1.0,1.679972211437976,1.1016153636867076
hsa-mir-30b,rep2-1,-m 1.8 -i -0.6,1,"54, 67","17, 102","12, 106",35,13,22,4,3,1,0.0,0,12,4,3,0.885151165307605,0.6980485413692278,1.5683771459222884,0.8509928751713013
hsa-mir-30c-1,rep2-2,-m 1.8 -i -0.6,3,"53, 67","15, 101","10, 110",34,13,21,5,5,1,0.0,0,13,4,8,0.6465548796400266,0.8134834913836346,1.4993911075244235,1.054037156982428
hsa-mir-30c-2,rep2-3,-m 2.4 -i -0.8,1,"54, 69","18, 101","4, 121",33,11,22,7,4,0,0.0,0,14,13,19,0.7044827165570011,0.4698235032600361,1.0164686641997727,0.7397404090590625
hsa-mir-30d,rep2-1,-m 2.4 -i -0.8,1,"54, 69","18, 104","13, 110",35,13,22,4,2,1,1.0,0,14,4,5,1.0875593815467428,1.1703769814210383,1.9855770361944403,1.1752137345056175
hsa-mir-30e,rep2-2,-m 2.4 -i -0.8,2,"52, 69","15, 102","14, 114",34,12,22,1,4,0,0.0,0,16,0,11,0.7146390199734431,0.932097530958537,1.7842584092158749,0.9829868004109025
hsa-mir-31,rep2-3,-m 2.4 -i -0.8,3,"55, 64","22, 98","0, 126",34,10,24,5,0,1,0.0,0,8,21,27,1.2821526976181643,0.7134907476935065,1.648273744849182,0.8943639415684469
hsa-mir-3121,rep2-1,-m 2.4 -i -0.8,1,"54, 66","19, 102","0, 126",36,14,22,3,0,1,0.0,0,11,18,23,0.0,0.0978823189479127,1.8117672486137675,0.6726519781990764
hsa-mir-3126,rep1,-m 1.8 -i -0.6,1,"53, 66","17, 103","16, 105",37,15,22,6,0,1,0.0,0,12,0,1,0.0,0.07602492525447681,0.6241124813503846,0.2364286626989
hsa-mir-3127,rep1,-m 1.8 -i -0.6,1,"54, 66","17, 105","12, 111",37,15,22,3,1,3,0.0,0,11,4,5,1.244082341272477,0.715675451847449,1.758768752192828,0.6780609963590382
hsa-mir-3140,rep2-1,-m 1.8 -i -0.6,1,"47, 73","14, 107","0, 126",34,13,21,3,0,1,0.0,1,25,13,18,1.2281195048814757,1.031018238082315,1.8949885737593664,1.122043470024673
hsa-mir-3144,rep2-2,-m 2.4 -i -0.8,1,"53, 65","19, 99","14, 102",35,12,23,3,0,0,0.0,0,11,4,2,0.8924334813795572,0.3767694980611283,2.071534756147324,0.5832106190125984
hsa-mir-3145,rep2-3,-m 2.4 -i -0.8,1,"54, 64","17, 104","15, 106",38,14,24,3,0,3,0,0,9,1,1,0.7585063248266858,0.7536484247426654,2.35879059419203,1.052234032311298
hsa-mir-3146,rep2-1,-m 1.8 -i -0.6,1,"52, 67","21, 99","0, 126",32,9,23,1,0,1,0.0,0,14,20,26,0.9083503934390115,1.066823995461499,1.2409659554515138,1.0646707890992753
hsa-mir-3150b,rep2-1,-m 1.8 -i -0.6,2,"53, 68","18, 103","0, 126",36,14,22,3,0,0,0.0,0,14,17,22,2.0020919722642363,0.8399393166622976,2.9847681722945203,0.5510746857988752
hsa-mir-3163,rep2-2,-m 1.8 -i -0.6,1,"54, 66","19, 101","11, 107",36,14,22,2,0,0,0.0,0,11,7,5,0.0,0.2949930595949618,1.0988756487663902,0.4799995179925416
hsa-mir-3164,rep2-3,-m 1.8 -i -0.6,1,"49, 70","14, 105","13, 111",36,14,22,2,0,0,0.0,0,20,0,5,0.9900034497259895,0.7506198397878328,1.706208472540517,0.704460569118636
hsa-mir-3173,rep2-2,-m 1.8 -i -0.6,1,"55, 68","27, 96","26, 99",29,5,24,1,0,0,1.0,0,12,0,2,0.9889201715679329,0.5517809707486748,1.7234331319349707,0.627026028967596
hsa-mir-3174,rep2-2,-m 1.8 -i -0.6,1,"47, 71","12, 107","9, 112",35,13,22,3,1,2,0.0,0,23,2,4,0.0,0.08024393026792914,0.22863714581917258,0.19164858270169294
hsa-mir-3180-3,rep2-2,-m 1.2 -i -0.4,2,"51, 70","16, 106","13, 113",36,13,23,4,0,1,0,0,18,2,6,0.8499166985530117,0.9182717898069829,0.8569119829671334,0.614397777054986
hsa-mir-3186,rep1,-m 1.8 -i -0.6,1,"54, 67","20, 98","15, 99",32,10,22,3,3,0,0.0,0,12,4,0,0.0,0.08266326663133033,0.0,0.05234140599997754
hsa-mir-3187,rep1,-m 1.8 -i -0.6,1,"54, 67","20, 101","18, 109",34,12,22,4,1,1,0.0,0,12,1,7,0.6317572044463817,0.7081091409685929,0.7487262369021062,0.5640804145044098
hsa-mir-3194,rep2-3,-m 1.8 -i -0.6,1,"54, 66","21, 99","10, 104",34,12,22,7,0,0,0.0,0,11,10,4,0.0,0.1822430114567238,1.5615915098864959,0.4522008900932839
hsa-mir-32,rep1,-m 1.8 -i -0.6,1,"53, 69","17, 104","15, 108",36,14,22,2,1,0,0.0,0,15,1,3,1.179467033232562,1.1476844582141508,1.937326933103438,0.9468949911632643
hsa-mir-3200,rep2-2,-m 1.8 -i -0.6,1,"55, 68","14, 103","5, 115",35,14,21,3,7,1,0.0,0,12,8,11,0.9662165054502632,1.0256256890787112,1.4881123399023024,0.9691140946754114
hsa-mir-323a,rep2-3,-m 1.8 -i -0.6,1,"55, 64","20, 98","14, 111",34,12,22,6,2,1,0.0,0,8,5,12,0.626443544811934,0.2742539189290807,1.6252583549003248,0.8134586867548927
hsa-mir-323b,rep2-1,-m 2.4 -i -0.8,2,"56, 64","24, 94","23, 96",31,8,23,7,2,0,0.0,0,7,0,1,0.5372176136118523,0.40140387910551995,1.792702706710116,0.7579160663952804
hsa-mir-324,rep2-2,-m 1.8 -i -0.6,1,"55, 66","20, 100","0, 110",35,13,22,7,1,0,1.0,0,10,19,9,0.3149778384122276,0.43542739666282365,1.5286022451675283,0.8897586146299915
hsa-mir-325,rep2-3,-m 1.8 -i -0.6,1,"53, 68","18, 103","15, 107",33,14,19,3,3,3,0.0,0,14,2,3,1.1174184566126824,0.7195594966307248,1.2881998897089209,0.7433171368652873
hsa-mir-326,rep2-2,-m 1.8 -i -0.6,1,"56, 69","17, 103","15, 112",35,14,21,4,5,0,1.0,0,12,1,8,1.0475048652329544,0.9348449735899398,1.5489452101165428,0.8415478776518315
hsa-mir-328,rep2-3,-m 1.8 -i -0.6,1,"52, 69","18, 102","0, 126",33,12,21,3,2,1,1.0,0,16,17,23,0.9921933360225714,0.4548867002784759,1.2653335163954615,0.5875159086073306
hsa-mir-329-1,rep2-1,-m 1.8 -i -0.6,1,"53, 66","18, 99","0, 102",33,11,22,3,3,1,0.0,0,12,17,2,0.6666490390627594,0.9460818093856898,1.4685172369283097,0.8922036815448201
hsa-mir-329-2,rep2-2,-m 1.8 -i -0.6,1,"53, 66","16, 108","0, 114",35,13,22,3,3,8,0.0,0,12,15,5,0.9327066982567888,0.6531244707484865,2.0425284076540837,0.8737259441259237
hsa-mir-330,rep2-3,-m 1.2 -i -0.4,1,"53, 67","17, 105","11, 108",35,13,22,6,2,4,1.0,0,13,5,2,1.448970186377115,1.2141667782788388,1.9833687274010208,1.1943730795753933
hsa-mir-331,rep1,-m 1.8 -i -0.6,1,"55, 67","20, 99","13, 106",33,13,20,3,3,0,0.0,0,11,6,6,0.0,0.1984449841703776,1.5784798358171381,0.754008277190656
hsa-mir-335,rep2-2,-m 1.8 -i -0.6,2,"57, 61","22, 97","21, 99",36,10,26,3,0,1,1.0,0,3,0,1,0.9345345868497387,1.1727626190491631,1.6858295208937835,1.1662733878913059
hsa-mir-337,rep2-3,-m 1.8 -i -0.6,1,"52, 66","16, 105","0, 119",37,15,22,4,0,3,0.0,0,13,15,13,0.0,0.029967098721777025,0.7023011060915462,0.5483018581616483
hsa-mir-338,rep1,-m 1.8 -i -0.6,1,"52, 66","18, 102","16, 106",35,14,21,2,0,2,0.0,0,13,1,3,1.07265572446294,0.713167733259915,2.016594069302021,0.9782282165855087
hsa-mir-339,rep2-2,-m 2.4 -i -0.8,1,"55, 66","18, 104","16, 106",37,14,23,7,1,2,0,0,10,1,1,0.4750871617984413,0.4073137621828105,0.9878774306993019,0.7091427160391426
hsa-mir-33a,rep2-3,-m 2.4 -i -0.8,2,"52, 66","16, 102","7, 118",37,14,23,6,0,0,1,0,13,8,15,1.4911420583369313,1.0266492342152986,2.2911344579092026,1.2173355538601214
hsa-mir-33b,rep2-1,-m 1.8 -i -0.6,1,"53, 67","19, 102","18, 106",34,12,22,3,1,2,0.0,0,13,0,3,2.7734918988049397,1.181090855994586,2.413908528372422,1.159126317852088
hsa-mir-340,rep1,-m 2.4 -i -0.8,1,"50, 69","16, 104","0, 111",35,13,22,4,0,1,0.0,0,18,15,6,1.0688673466031753,0.9313130981899914,1.6611373361336847,0.8238909174350472
hsa-mir-342,rep2-3,-m 1.8 -i -0.6,1,"54, 68","15, 104","11, 109",35,12,23,4,5,2,0.0,0,13,3,4,1.1314024472031055,0.5472669566806212,1.9201302199787793,0.5777507151525161
hsa-mir-345,rep1,-m 2.4 -i -0.8,1,"53, 66","18, 100","15, 114",34,13,21,2,2,1,0.0,0,12,2,13,0.8449988423525319,0.9019743426465581,1.9786320279904892,1.1485148516969628
hsa-mir-346,rep2-3,-m 2.4 -i -0.8,1,"54, 68","16, 104","13, 108",36,15,21,6,3,1,0.0,0,13,2,3,0.5460491554293666,0.9236881098273478,0.40229608676767215,0.70538670189047
hsa-mir-34a,rep1,-m 1.8 -i -0.6,1,"51, 69","16, 105","14, 106",35,13,22,2,1,2,0.0,0,17,1,0,0.7948779196255984,0.64773031914864,0.8413765599916994,0.4932500594970206
hsa-mir-34c,rep2-3,-m 1.8 -i -0.6,2,"54, 65","21, 97","8, 119",33,12,21,5,1,0,1.0,0,10,12,21,0.6688103784407232,0.8383934586834877,1.2266565805321463,0.7733435864033696
hsa-mir-3605,rep1,-m 1.8 -i -0.6,2,"51, 69","16, 103","0, 107",35,12,23,11,1,0,1.0,0,17,15,3,0.0,0.04348446008806877,0.0,0.0
hsa-mir-361,rep1,-m 1.8 -i -0.6,2,"54, 65","18, 103","16, 126",37,12,25,8,0,2,0.0,0,10,1,22,1.1493041265900001,1.1296812546663444,1.8660656607161343,0.9906409825440576
hsa-mir-3611,rep2-1,-m 2.4 -i -0.8,2,"54, 68","19, 101","16, 104",34,12,22,2,2,0,1.0,0,13,2,2,0.8915805558649156,0.8298549871360628,1.85931059228972,1.1024504485143076
hsa-mir-3612,rep2-2,-m 1.8 -i -0.6,1,"52, 65","20, 99","19, 110",33,9,24,7,0,2,0.0,0,12,0,10,0.0,0.0603999174854196,1.2641280265480235,0.694834518375095
hsa-mir-3614,rep2-1,-m 1.8 -i -0.6,2,"54, 65","32, 87","20, 89",22,-1,23,1,0,0,,0,10,11,1,0.0,0.01388313973768709,0.0,0.0
hsa-mir-3617,rep1,-m 1.8 -i -0.6,2,"53, 66","17, 104","11, 107",36,13,23,5,1,3,1,0,12,5,2,0.7655646964677074,0.787535846306939,1.805074233934823,1.1799983073647249
hsa-mir-3619,rep2-3,-m 2.4 -i -0.8,1,"57, 63","22, 98","8, 100",34,12,22,5,2,2,0.0,0,5,13,1,0.0,0.0,0.0,0.12950164876439574
hsa-mir-362,rep1,-m 1.8 -i -0.6,1,"57, 63","18, 101","12, 115",37,13,24,3,3,2,0,0,5,5,13,1.2384949317275609,0.8027066500942798,2.212390320133617,0.8541036939101783
hsa-mir-363,rep2-2,-m 1.8 -i -0.6,1,"51, 70","16, 104","0, 126",35,13,22,5,1,0,1.0,0,18,15,21,0.9779616301525677,0.8902519565559218,1.2441600634441288,1.0572873643449956
hsa-mir-365a,rep1,-m 1.2 -i -0.4,5,"52, 62","18, 100","15, 126",34,11,23,3,1,5,0.0,0,9,2,25,0.19542982610725326,0.11435201487965214,1.3048553956753988,0.4896428746600679
hsa-mir-365b,rep2-1,-m 1.8 -i -0.6,2,"55, 60","19, 100","18, 105",36,12,24,4,1,5,0.0,0,4,0,4,0.0,0.08227798075977467,1.3665778207877082,0.7004475243633219
hsa-mir-367,rep2-2,-m 1.8 -i -0.6,1,"53, 68","22, 99","21, 102",32,10,22,4,0,0,1.0,0,14,0,2,1.16002261900762,1.1876765162498113,1.69923258421254,1.180299959798557
hsa-mir-3681,rep2-3,-m 1.8 -i -0.6,2,"54, 65","23, 96","18, 121",32,9,23,2,0,0,0.0,0,10,4,24,0.7052006360650335,0.6102556076951865,1.657319723327684,0.42428044585599206
hsa-mir-369,rep2-1,-m 2.4 -i -0.8,1,"53, 66","19, 99","11, 119",33,12,21,2,2,1,0.0,0,12,7,19,0.2632498399432849,0.26133049409400405,1.342619746034853,0.7386022728778566
hsa-mir-3690-1,rep2-1,-m 1.8 -i -0.6,2,"55, 65","22, 96","0, 101",32,9,23,7,2,0,0.0,0,9,21,4,0.3513226116248607,0.4885471642356859,0.3911767550282154,0.3457003122571414
hsa-mir-370,rep2-2,-m 1.8 -i -0.6,1,"55, 65","14, 101","12, 126",37,15,22,7,5,0,0.0,0,9,1,24,0.0,0.07122641621862646,0.8011044574886323,0.46940364618312863
hsa-mir-371a,rep1,-m 2.4 -i -0.8,1,"53, 65","18, 100","15, 103",35,12,23,4,1,1,1.0,0,11,2,2,0.7876339009421542,0.6444484221184716,1.4779845966904774,0.763020978949575
hsa-mir-372,rep1,-m 1.8 -i -0.6,2,"53, 65","17, 99","0, 126",33,12,21,2,4,2,1.0,0,11,16,26,0.8665262354764814,0.8893925109794529,1.8973769372271139,1.078418992560526
hsa-mir-373,rep2-2,-m 1.8 -i -0.6,1,"51, 66","16, 102","0, 126",36,14,22,3,0,1,1.0,0,14,15,23,1.0299147497546126,0.4829354962188062,1.8882623732182964,1.000554139701923
hsa-mir-374a,rep2-3,-m 1.8 -i -0.6,1,"58, 63","25, 96","19, 109",34,11,23,3,0,0,1.0,0,4,5,12,0.8542281772433351,0.9345110033173563,1.9075340266179868,0.9285178533451567
hsa-mir-374b,rep1,-m 2.4 -i -0.8,1,"58, 63","26, 95","0, 107",33,10,23,3,0,0,0.0,0,4,25,11,0.0,0.0,0.20811583663979608,0.0
hsa-mir-375,rep2-2,-m 1.8 -i -0.6,1,"56, 65","20, 100","16, 114",36,13,23,7,1,0,1,0,8,3,13,1.5480007787913446,0.9815021165234629,1.7434038583383915,0.9681701607413044
hsa-mir-376a-1,rep2-3,-m 1.8 -i -0.6,1,"56, 62","19, 100","0, 108",37,13,24,7,1,2,1,0,5,18,7,0.8508067345315812,0.5605898910095417,1.5920933586283612,0.833747259625318
hsa-mir-376a-2,rep2-1,-m 1.8 -i -0.6,1,"53, 67","17, 102","9, 116",36,15,21,3,1,0,1.0,0,13,7,13,1.463244992033619,1.0644662719759599,1.8739040491918177,1.041149068028086
hsa-mir-376b,rep2-2,-m 2.4 -i -0.8,1,"53, 67","17, 102","0, 126",36,15,21,3,1,0,1.0,0,13,16,23,0.8943077641615298,0.7150265601168695,1.4179269287045138,1.1369387063867895
hsa-mir-376c,rep2-3,-m 1.8 -i -0.6,2,"53, 67","17, 102","1, 107",36,15,21,4,1,0,1.0,0,13,15,4,1.3255578484648087,0.9689622553706777,1.898412153229286,1.0068980859849177
hsa-mir-377,rep2-1,-m 1.8 -i -0.6,1,"53, 66","17, 102","10, 118",36,14,22,3,1,1,0.0,0,12,6,15,1.1694601292114262,0.8493273360435442,1.7901404178172249,0.8361228486279468
hsa-mir-378a,rep2-2,-m 1.8 -i -0.6,1,"52, 67","19, 106","14, 111",34,12,22,4,0,6,1.0,0,14,4,4,1.5584425949177834,1.1166289255819795,2.2769104159354425,1.0332657527143103
hsa-mir-379,rep2-3,-m 1.8 -i -0.6,1,"51, 67","16, 101","15, 111",35,14,21,7,1,0,0.0,0,15,0,9,0.4293311899551592,0.7453597475998016,1.419279690782222,1.1091589452538675
hsa-mir-380,rep2-1,-m 1.8 -i -0.6,1,"52, 65","18, 97","13, 110",33,12,21,6,2,0,0.0,0,12,4,12,0.9421347041648891,0.7466310468960301,1.4834724655172637,0.8102789027593342
hsa-mir-381,rep2-2,-m 1.8 -i -0.6,1,"52, 67","16, 102","0, 110",36,13,23,3,1,0,0,0,14,15,7,0.6813309206736058,0.840246257156438,1.9156037538481498,1.0160002013996796
hsa-mir-382,rep2-3,-m 1.8 -i -0.6,1,"53, 66","19, 100","11, 104",34,12,22,3,1,1,0.0,0,12,7,3,0.912204507312715,0.7450707049279112,2.1593142760121737,0.5504372761391941
hsa-mir-383,rep2-1,-m 1.8 -i -0.6,1,"52, 70","19, 103","13, 122",33,12,21,5,1,1,0.0,0,17,5,18,0.852289789160227,0.450708350135272,1.4030848735452874,0.5243710751542429
hsa-mir-3909,rep2-3,-m 1.8 -i -0.6,2,"50, 68","21, 98","20, 101",30,9,21,3,0,1,0.0,0,17,0,2,0.04794326169657435,0.08759861317468445,0.043144291871587394,0.08831837806040897
hsa-mir-3918,rep2-1,-m 1.8 -i -0.6,7,"55, 65","14, 106","0, 108",39,16,23,5,3,3,0,0,9,13,1,0.0,0.07463332041157472,0.0,0.042057093228099564
hsa-mir-3924,rep2-2,-m 1.8 -i -0.6,1,"53, 67","13, 102","7, 108",36,14,22,2,5,0,0.0,0,13,5,5,0.7709284797243897,0.9942478213741635,2.2362948575119512,1.06924408592522
hsa-mir-3940,rep1,-m 1.8 -i -0.6,1,"56, 63","27, 98","23, 118",30,7,23,1,0,6,0.0,0,6,3,19,0.0,0.04779833341568302,0.0,0.0
hsa-mir-3942,rep2-3,-m 1.8 -i -0.6,1,"51, 71","13, 109","9, 114",39,18,21,5,0,0,0.0,0,19,3,4,0.5979695827812636,0.1453775150517089,1.739257056197599,0.502165571870031
hsa-mir-3944,rep1,-m 1.8 -i -0.6,1,"51, 68","17, 103","8, 112",35,13,22,4,0,1,0.0,0,16,8,8,0.937750163095066,0.42534234173756336,1.3035589031582848,0.37320234637352684
hsa-mir-410,rep2-2,-m 1.8 -i -0.6,1,"52, 66","19, 98","12, 104",33,12,21,5,1,0,0.0,0,13,6,5,1.1728502007012693,1.0176135489368097,1.3992591077704362,0.9989621981371025
hsa-mir-411,rep2-3,-m 1.8 -i -0.6,1,"52, 65","17, 98","6, 108",34,13,21,7,2,0,0.0,0,12,10,9,1.2188527375540066,0.4931595214423709,1.8302128114178047,0.545795025238226
hsa-mir-412,rep2-1,-m 1.8 -i -0.6,2,"52, 66","17, 97","0, 126",32,13,19,3,4,0,0.0,0,13,16,28,0.282192775062489,0.3236672635499158,1.5597810498456735,1.0013975542792344
hsa-mir-421,rep1,-m 1.8 -i -0.6,1,"55, 65","21, 99","0, 126",34,12,22,5,1,1,0.0,0,9,20,26,0.042303203215170226,0.2573084233310157,0.25664722752515684,0.6825582022789396
hsa-mir-423,rep2-2,-m 2.4 -i -0.8,2,"54, 64","19, 99","12, 101",35,12,23,4,1,1,0.0,0,9,6,1,0.654162329562905,0.8317751392914874,1.3980596931769564,0.6604463202032032
hsa-mir-424,rep1,-m 1.8 -i -0.6,1,"53, 67","19, 102","13, 110",35,13,22,4,0,1,0.0,1,13,5,7,1.3441157559157964,0.9904934455843358,2.2499835001157926,1.0881285370729572
hsa-mir-425,rep1,-m 2.4 -i -0.8,1,"58, 68","19, 101","0, 126",34,11,23,9,6,0,0.0,0,9,18,24,0.5827515471847798,0.7401737550534732,1.4566454495764642,1.0091545274644957
hsa-mir-429,rep1,-m 1.8 -i -0.6,1,"53, 64","22, 96","0, 107",32,10,22,4,0,1,0.0,0,10,21,10,0.0,0.11757098428113863,1.5955050262480326,0.8784621687703124
hsa-mir-431,rep2-2,-m 1.2 -i -0.4,4,"49, 68","12, 104","8, 115",37,15,22,6,1,0,0.0,0,18,3,10,0.9255689606863916,0.756062792991979,1.3529232424657314,1.002436809224156
hsa-mir-432,rep2-3,-m 1.8 -i -0.6,1,"52, 68","13, 106","11, 111",38,13,25,6,2,1,0,0,15,1,4,0.7284171326988631,0.4341886614242497,1.6909674155079528,0.8896111301693317
hsa-mir-433,rep1,-m 2.4 -i -0.8,1,"44, 75","11, 109","0, 126",33,12,21,6,1,2,0.0,0,30,10,16,0.344134880372901,0.18433343944451244,0.767105101042148,0.7162127009790276
hsa-mir-4424,rep2-3,-m 1.8 -i -0.6,2,"55, 64","20, 99","0, 100",36,11,25,2,0,0,0.0,0,8,19,0,0.7416794646311776,0.5195031539540151,1.8026809830247952,0.8606635369016038
hsa-mir-4428,rep2-1,-m 1.8 -i -0.6,1,"53, 66","18, 100","15, 105",34,12,22,6,2,1,0.0,0,12,2,4,0.7622032022455268,0.8056085376042835,1.0590140878114505,0.7074237451319878
hsa-mir-448,rep1,-m 1.8 -i -0.6,1,"44, 76","7, 112","0, 126",37,14,23,5,1,0,0,0,31,6,13,1.3850832953453414,0.5482586300097796,2.263171820543387,0.5232774189747266
hsa-mir-449a,rep2-2,-m 1.8 -i -0.6,1,"52, 69","17, 104","11, 114",35,14,21,1,1,1,0.0,0,16,5,9,1.1385013233038348,1.123040236852726,1.7051950560192217,0.9595508388913546
hsa-mir-449b,rep1,-m 1.8 -i -0.6,1,"56, 68","19, 100","15, 112",33,12,21,4,5,0,1.0,0,11,3,11,0.30658482520343244,0.1577415231860224,1.1778536572109664,0.847010907703722
hsa-mir-449c,rep2-3,-m 1.8 -i -0.6,1,"57, 63","18, 99","16, 103",37,13,24,3,3,0,1,0,5,1,3,0.30726324644758635,0.5128562407942705,1.0584939795166854,0.48295403410897814
hsa-mir-450a-1,rep2-3,-m 1.8 -i -0.6,1,"54, 64","19, 99","0, 126",36,13,23,5,0,0,0,0,9,18,26,1.0907948635958087,0.8908553555080015,1.3488289933079745,0.8327773309262703
hsa-mir-450a-2,rep2-1,-m 1.8 -i -0.6,1,"51, 63","17, 97","0, 126",35,13,22,5,0,0,0.0,0,11,16,28,0.5868779028836899,0.6087387181908667,0.9541228398586147,0.766559215755626
hsa-mir-450b,rep2-2,-m 1.8 -i -0.6,1,"54, 64","19, 100","16, 102",36,13,23,5,0,1,0,0,9,2,1,0.6222401861668503,1.0679388729664119,1.5207481389795634,1.1019014169310402
hsa-mir-452,rep2-3,-m 1.8 -i -0.6,1,"53, 65","16, 100","15, 102",36,13,23,6,2,0,0,0,11,0,1,0.8618642833183002,0.9035765230531664,1.500152344927096,0.8133346418995296
hsa-mir-4524a,rep1,-m 1.8 -i -0.6,1,"54, 69","24, 98","0, 110",30,10,20,2,1,0,0.0,0,14,23,11,0.007301482006185421,0.27740891942743034,1.6869510737717281,0.5204667278570181
hsa-mir-454,rep1,-m 2.4 -i -0.8,1,"51, 67","17, 103","11, 115",34,12,22,2,1,3,1.0,0,15,5,11,1.0262648596440782,1.078131628194563,1.6702023250736726,1.0688070002505514
hsa-mir-455,rep2-3,-m 1.8 -i -0.6,1,"55, 64","26, 98","25, 100",30,6,24,3,0,5,0.0,0,8,0,1,0.5574321964437388,0.30359467740409374,1.3016866546792782,0.33426573794734027
hsa-mir-4637,rep2-1,-m 1.8 -i -0.6,1,"45, 76","12, 109","0, 111",34,12,22,1,0,0,0.0,0,30,11,1,1.428924766703986,1.0852521444903753,2.8698471957131324,1.0709293511666758
hsa-mir-4640,rep2-1,-m 1.2 -i -0.4,2,"48, 72","9, 114","7, 116",40,12,28,9,0,3,1.0,0,23,1,1,0.0,0.0,0.0,0.0
hsa-mir-4661,rep2-2,-m 2.4 -i -0.8,1,"50, 68","17, 102","13, 105",34,14,20,2,0,1,0.0,0,17,3,2,0.07151374438288122,0.3413821792434511,1.9658942803498132,0.8439107429844699
hsa-mir-4662a,rep2-3,-m 1.8 -i -0.6,1,"51, 67","14, 104","13, 111",38,17,21,2,0,0,1.0,0,15,0,6,1.013081535273567,1.155073049328948,1.8110420351761056,1.0639397009488158
hsa-mir-4664,rep2-1,-m 1.8 -i -0.6,3,"55, 66","28, 93","15, 94",26,6,20,4,2,2,0.0,0,10,12,0,0.15578890998070752,0.08700029353504182,0.0866533333475988,0.02759438556581694
hsa-mir-4677,rep1,-m 1.8 -i -0.6,1,"55, 64","12, 100","8, 102",37,15,22,7,7,0,0.0,0,8,3,1,0.0,0.0,0.0,0.0
hsa-mir-4739,rep2-3,-m 1.8 -i -0.6,1,"57, 67","18, 104","0, 126",37,15,22,4,3,1,0.0,0,9,17,21,0.8070650657148307,0.330422933115293,1.882030293086523,0.528540900108572
hsa-mir-4761,rep2-3,-m 1.8 -i -0.6,1,"42, 78","9, 110","0, 126",33,12,21,6,1,0,1.0,0,35,8,15,0.9570538604362531,0.6659000521555122,1.8395664784947776,0.8396962166298236
hsa-mir-4766,rep2-1,-m 1.8 -i -0.6,1,"56, 65","20, 101","13, 116",37,14,23,3,0,0,0,0,8,6,14,1.1513063675718986,0.46196484084360606,1.9777240109431706,0.508876233954522
hsa-mir-483,rep1,-m 2.4 -i -0.8,1,"55, 71","18, 106","10, 115",33,12,21,1,5,3,0.0,0,15,7,8,1.297177194498843,0.8553713070334257,1.958586187996799,0.7683634434869399
hsa-mir-485,rep2-1,-m 1.8 -i -0.6,1,"53, 65","19, 99","4, 106",34,12,22,4,1,1,0.0,0,11,14,6,0.8931737822393693,0.900328059887524,2.1309479042600437,1.1837440359355116
hsa-mir-486-1,rep2-2,-m 1.8 -i -0.6,1,"50, 71","16, 106","14, 114",35,14,21,1,0,1,0.0,1,20,1,7,1.393163746135407,0.5956083787156071,2.2880129927794353,0.7584693102041145
hsa-mir-487a,rep2-3,-m 1.8 -i -0.6,1,"53, 66","20, 99","19, 113",32,11,21,3,2,2,0.0,0,12,0,13,0.6546585505207895,0.5882063324459742,1.3878354357246991,1.030242535042638
hsa-mir-487b,rep2-1,-m 1.8 -i -0.6,1,"53, 66","17, 102","9, 106",37,15,22,8,0,0,1.0,0,12,7,3,0.0,0.11467515235858076,1.300091040286223,0.7242839185082947
hsa-mir-488,rep2-2,-m 1.8 -i -0.6,1,"56, 66","19, 101","7, 117",36,13,23,5,2,0,0,0,9,11,15,0.792354005912547,0.8589455579367457,1.6321987939522322,0.9942184797413521
hsa-mir-489,rep2-3,-m 2.4 -i -0.8,1,"53, 68","19, 102","13, 126",35,13,22,5,0,0,1.0,0,14,5,23,0.6021730516047834,0.5018143609952418,1.406853648163721,0.7875778234060348
hsa-mir-490,rep2-1,-m 1.8 -i -0.6,1,"52, 63","25, 93","19, 94",28,6,22,2,0,3,0.0,0,10,5,0,0.25817696495578357,0.3149380357728187,1.6478620080882422,1.052736587318693
hsa-mir-491,rep2-2,-m 2.4 -i -0.8,1,"57, 63","19, 106","16, 109",38,14,24,4,1,6,0,0,5,2,2,0.7141441559038347,0.4602827949529727,1.2055228305739132,0.5309315632592403
hsa-mir-493,rep1,-m 2.4 -i -0.8,2,"50, 68","14, 102","8, 104",35,13,22,3,2,0,0.0,0,17,5,1,0.9854110263793022,0.939678314083504,1.219930008309493,0.8684405235796243
hsa-mir-494,rep2-1,-m 1.8 -i -0.6,1,"54, 64","19, 99","11, 115",34,13,21,1,2,2,0.0,0,9,7,15,0.691229573077907,0.6377591569002227,2.0119302003762733,0.9121808553687262
hsa-mir-495,rep2-2,-m 1.8 -i -0.6,1,"53, 66","19, 100","5, 118",34,13,21,3,1,1,1.0,0,12,13,17,0.8667513408838748,0.7469570148867343,1.859916446960011,1.0346993659319137
hsa-mir-496,rep2-1,-m 2.4 -i -0.8,2,"55, 64","20, 98","17, 101",35,13,22,4,1,0,0.0,0,8,2,2,0.8517454999622579,0.5296961994657771,1.7441939144792376,1.0478556473736225
hsa-mir-497,rep1,-m 2.4 -i -0.8,1,"54, 67","18, 108","17, 110",36,12,24,5,1,6,0.0,0,12,0,1,0.5927485677958148,0.5555183835551378,1.9326741624899115,1.040086719429906
hsa-mir-498,rep2-2,-m 1.8 -i -0.6,1,"52, 64","17, 103","9, 109",36,13,23,4,0,4,0,0,11,7,5,0.14510204917058403,0.22795616912358493,1.722082491939517,1.0680846561387265
hsa-mir-5000,rep2-1,-m 1.2 -i -0.4,2,"52, 67","22, 96","0, 98",30,8,22,1,1,0,0.0,0,14,21,1,0.9297608387423318,0.4146132466560534,1.6548862547144334,0.5738521422362078
hsa-mir-5009,rep2-2,-m 2.4 -i -0.8,1,"55, 69","21, 100","7, 109",32,10,22,1,3,0,0.0,0,13,13,8,0.440703972087018,0.2527222379447521,0.8703131351199358,0.2779286194996179
hsa-mir-500b,rep1,-m 1.8 -i -0.6,1,"56, 66","18, 101","17, 114",35,12,23,7,4,1,0.0,0,9,0,12,0.0,0.02741841967719558,0.08935829082330099,0.06827347363586019
hsa-mir-501,rep2-1,-m 1.8 -i -0.6,1,"56, 66","18, 101","16, 116",35,13,22,5,4,1,0.0,0,9,1,14,0.47212498190403496,0.41469035214622885,2.0642437138696663,1.115260474942228
hsa-mir-5010,rep2-2,-m 1.8 -i -0.6,1,"43, 75","10, 113","8, 115",34,10,24,3,0,5,0.0,0,31,1,1,0.05696716116268575,0.1654131928462737,0.09023649181069325,0.10997130046545045
hsa-mir-502,rep2-3,-m 2.4 -i -0.8,1,"56, 66","18, 101","14, 108",35,13,22,2,4,1,0.0,0,9,3,6,1.1378499897510221,0.8775517400909513,1.4520974445466504,0.8069403760955723
hsa-mir-503,rep1,-m 1.8 -i -0.6,2,"51, 69","17, 103","9, 120",35,13,22,6,0,0,1.0,0,17,7,16,1.2984686741322091,1.131899910707115,1.945410636476849,0.9531586901584271
hsa-mir-504,rep2-2,-m 1.8 -i -0.6,1,"51, 71","21, 103","14, 107",31,12,19,2,0,2,0.0,0,19,6,3,0.2825595983970382,0.4312504349866988,1.4491701284814809,0.3376077186875162
hsa-mir-505,rep2-3,-m 1.8 -i -0.6,1,"54, 66","18, 101","0, 126",36,13,23,4,1,0,0,0,11,17,24,1.2323779081033888,1.016825862819543,2.0598427084986035,1.1564621701849165
hsa-mir-507,rep2-3,-m 2.4 -i -0.8,1,"56, 65","21, 100","20, 102",36,12,24,8,0,0,1.0,0,8,0,1,0.9775437205196216,1.1672039527214926,1.7379308832268485,1.099968920040219
hsa-mir-508,rep1,-m 1.8 -i -0.6,1,"56, 65","19, 103","10, 117",38,14,24,5,0,1,1,0,8,8,13,0.8951033932597282,1.1451763837505624,1.7380786396275008,0.9720672885558965
hsa-mir-509-1,rep1,-m 1.8 -i -0.6,1,"54, 67","19, 105","7, 118",35,14,21,2,1,4,0.0,0,12,11,12,1.1357202187496176,1.1116172078250333,1.9039615422731848,1.1390953880149617
hsa-mir-509-2,rep2-1,-m 1.8 -i -0.6,1,"54, 67","19, 103","15, 106",35,14,21,2,1,2,0.0,0,12,3,2,1.0241204023064903,1.1425853736747675,1.7404272642983245,1.1396922268962022
hsa-mir-509-3,rep2-2,-m 2.4 -i -0.8,1,"54, 67","20, 103","16, 106",35,14,21,2,0,2,0.0,0,12,3,2,0.8886740791017496,1.0423930258197014,1.7761771676422349,1.0869181189704498
hsa-mir-5094,rep1,-m 2.4 -i -0.8,1,"59, 68","21, 97","0, 103",30,7,23,8,9,0,0.0,0,8,20,5,0.0,0.0,0.0,0.020989438286598997
hsa-mir-510,rep1,-m 1.8 -i -0.6,1,"56, 65","17, 105","12, 116",38,16,22,6,2,3,1.0,0,8,4,10,0.509482327901301,0.8637388409246938,1.3105222526857045,0.9311158383990887
hsa-mir-511,rep2-1,-m 1.8 -i -0.6,1,"52, 68","17, 103","0, 105",36,14,22,7,0,0,1.0,0,15,16,1,0.0,0.21477837252862883,1.5718714629134987,0.6309212584210852
hsa-mir-512-1,rep2-2,-m 1.8 -i -0.6,1,"53, 66","19, 100","17, 104",35,13,22,7,0,0,1.0,0,12,1,3,0.5311825366394862,0.3368052818217669,1.6043692651885804,0.8600393460362628
hsa-mir-513a-1,rep1,-m 1.8 -i -0.6,2,"56, 65","20, 102","13, 106",37,13,24,4,0,1,1,0,8,6,3,0.8568275228070062,0.7995343844967859,1.4281484194574938,0.7981708618563466
hsa-mir-513a-2,rep2-1,-m 1.8 -i -0.6,1,"56, 65","21, 100","16, 103",36,12,24,4,0,0,1.0,0,8,4,2,1.0980123253143523,1.1532871185834133,1.7471453590405945,1.1390357908092834
hsa-mir-513b,rep2-2,-m 2.4 -i -0.8,1,"56, 65","18, 110","0, 126",37,15,22,4,2,9,0.0,0,8,17,15,0.7418256210698518,0.7141764539283948,1.0544502674883691,0.6772642391040754
hsa-mir-513c,rep2-3,-m 2.4 -i -0.8,1,"56, 65","20, 102","16, 103",36,13,23,4,1,2,1,0,8,3,0,0.09584039290181068,0.35633841722656345,0.4274210621811352,0.2611964390259411
hsa-mir-514a-1,rep2-1,-m 1.8 -i -0.6,1,"53, 68","19, 103","17, 104",34,14,20,4,1,2,1.0,0,14,1,0,1.2955131415275296,1.1476688070836096,1.8121277677447933,1.1312871990107305
hsa-mir-514b,rep1,-m 1.8 -i -0.6,1,"56, 65","20, 101","0, 126",36,13,23,5,1,1,1,0,8,19,24,1.0820150139688895,1.1620113683747504,2.088651474684257,1.2174818310326645
hsa-mir-515-1,rep2-2,-m 1.8 -i -0.6,1,"56, 64","18, 100","11, 106",37,13,24,4,2,0,0,0,7,6,5,0.8872677433676278,0.9124614492931346,1.5604324928703774,1.0770602282087312
hsa-mir-515-2,rep2-3,-m 1.8 -i -0.6,2,"56, 64","18, 100","10, 109",37,13,24,4,2,0,0,0,7,7,8,1.196620466872625,0.8174834674255143,1.655656381042192,1.0599906914462618
hsa-mir-516a-1,rep2-1,-m 2.4 -i -0.8,1,"52, 68","14, 103","10, 108",36,15,21,1,3,0,0.0,0,15,3,4,1.2197818104827218,1.1139468183188093,1.371116895444951,0.9285318334689807
hsa-mir-516a-2,rep1,-m 1.8 -i -0.6,1,"52, 68","14, 103","0, 109",35,15,20,0,4,1,0.0,0,15,13,5,1.0588172309535886,1.1254715345013353,1.2543985763783545,0.9167078969089079
hsa-mir-516b-1,rep2-3,-m 2.4 -i -0.8,1,"52, 68","14, 103","7, 108",35,14,21,2,4,1,0.0,0,15,6,4,0.9705077990196227,0.6475471337833159,1.628682738084027,0.8750280946880362
hsa-mir-516b-2,rep2-1,-m 1.8 -i -0.6,1,"53, 68","17, 101","10, 106",33,14,19,2,4,1,0.0,0,14,6,4,0.42124557405093166,0.4024303591499698,0.4171017101650153,0.4563170063846554
hsa-mir-517b,rep2-2,-m 1.2 -i -0.4,1,"52, 66","18, 100","9, 105",35,13,22,6,0,0,1.0,0,13,8,4,0.9069150417384909,0.37734048661992403,1.7914266422279588,0.9424306675255599
hsa-mir-517c,rep2-3,-m 1.8 -i -0.6,1,"52, 66","17, 101","0, 126",36,14,22,4,0,0,0.0,0,13,16,24,0.909901940353868,0.4356884553314508,1.8528848288309503,1.0003677429491329
hsa-mir-518a-1,rep2-1,-m 2.4 -i -0.8,1,"51, 67","18, 102","0, 117",34,13,21,2,0,2,0.0,0,15,17,14,0.6148713278695734,0.45077231747914764,1.1887440627707895,0.913099116252926
hsa-mir-518a-2,rep2-2,-m 1.8 -i -0.6,1,"51, 67","16, 102","3, 110",35,14,21,1,1,1,0.0,0,15,12,7,0.6691831340186275,0.3152122158619899,1.6028754739060858,0.6874548184738601
hsa-mir-518b,rep2-1,-m 1.8 -i -0.6,2,"54, 66","18, 100","8, 106",35,13,22,4,2,0,0.0,0,11,9,5,1.0607456735006515,1.0193846338230228,1.2691664463932848,0.8416135080192266
hsa-mir-518c,rep1,-m 1.8 -i -0.6,2,"54, 66","16, 102","0, 105",37,15,22,3,2,0,0.0,0,11,15,2,0.4499722979032899,0.3467131337344553,0.9511549745010788,0.6650628389648946
hsa-mir-518d,rep2-1,-m 2.4 -i -0.8,2,"55, 66","23, 97","22, 122",32,9,23,3,1,0,0.0,0,10,0,24,0.6610489970451972,0.5051606791808626,0.8120187753289295,0.7611869109672271
hsa-mir-518e,rep2-2,-m 2.4 -i -0.8,1,"51, 67","16, 103","0, 126",35,14,21,2,1,2,0.0,0,15,15,22,0.8772486946610426,0.7977352389771496,1.6287654067811759,0.5416905125888024
hsa-mir-5194,rep2-2,-m 2.4 -i -0.8,2,"54, 66","18, 101","9, 110",33,12,21,4,4,3,0.0,0,11,8,8,0.016033333852964363,0.041530061022752765,0.13841694869755689,0.19776060775739854
hsa-mir-519a-1,rep2-1,-m 2.4 -i -0.8,1,"51, 67","17, 101","0, 126",35,13,22,2,0,0,1.0,0,15,16,24,0.9797546398662217,0.9307690469852055,1.9647692988042134,1.1293711218787166
hsa-mir-519a-2,rep2-3,-m 1.8 -i -0.6,1,"51, 67","16, 102","0, 109",36,14,22,6,0,0,1.0,0,15,15,6,1.2737505543077305,0.6139005527386966,1.9639297311941706,0.7358135841547497
hsa-mir-519b,rep2-2,-m 2.4 -i -0.8,2,"51, 67","16, 103","8, 108",36,15,21,4,0,1,0.0,0,15,7,4,0.15059587831241408,0.1559873218938905,1.2359481500787872,0.3246361243151293
hsa-mir-519c,rep2-3,-m 1.8 -i -0.6,1,"51, 67","16, 102","0, 126",36,15,21,3,0,0,0.0,0,15,15,23,1.0018606763763984,0.6190943869158864,1.5442513389487609,0.9052517838382946
hsa-mir-519d,rep2-1,-m 1.8 -i -0.6,1,"56, 65","16, 103","8, 126",39,14,25,5,2,0,1,0,8,7,22,1.0892645707788724,1.0340162214867017,1.6543649391768758,0.8065069623123556
hsa-mir-519e,rep2-2,-m 1.8 -i -0.6,1,"57, 64","18, 101","10, 122",35,13,22,1,5,3,0.0,0,6,7,20,0.9109990328230035,0.81104711964189,1.3016766843864436,0.9659078839919437
hsa-mir-520a,rep2-3,-m 1.8 -i -0.6,1,"51, 67","17, 101","0, 126",35,14,21,3,0,0,0.0,0,15,16,24,0.81731671463493,0.9817383652565677,1.308976769655973,0.9670867007952813
hsa-mir-520b,rep2-3,-m 1.2 -i -0.4,4,"51, 67","18, 102","8, 111",34,12,22,5,0,2,1.0,0,15,9,8,1.0823550735840521,0.9062692355702342,1.910308525988053,0.9516867560145652
hsa-mir-520c,rep2-1,-m 1.8 -i -0.6,1,"51, 67","16, 102","0, 126",36,15,21,2,0,0,0.0,0,15,15,23,0.6948225717646636,0.7372872771039519,1.4500306327904378,0.8236332020367556
hsa-mir-520d,rep2-2,-m 2.4 -i -0.8,1,"51, 67","16, 102","0, 109",35,14,21,1,1,1,0.0,0,15,15,6,1.21241832655638,0.7395516426758368,1.7875103981491687,0.8188706342215978
hsa-mir-520e,rep2-2,-m 1.8 -i -0.6,2,"51, 67","16, 102","0, 107",36,14,22,5,0,0,1.0,0,15,15,4,0.8503099685604075,0.4498846283568601,1.1489196780584343,0.5341172898189475
hsa-mir-520f,rep2-3,-m 1.8 -i -0.6,1,"48, 70","16, 102","0, 108",33,14,19,1,0,0,1.0,0,21,15,5,1.3855613110767873,1.183479495752668,1.9105837620098458,1.1009626221216464
hsa-mir-520g,rep2-1,-m 1.8 -i -0.6,1,"52, 66","14, 103","0, 126",37,16,21,4,2,1,0.0,0,13,13,22,1.0943031197414537,0.7960075189165109,2.0732576901618622,1.0214645419841306
hsa-mir-521-1,rep2-1,-m 1.8 -i -0.6,1,"51, 67","16, 102","9, 105",36,14,22,8,0,0,1.0,0,15,6,2,1.3333742936692634,0.9184968366757774,1.960570426514736,1.1897131228556637
hsa-mir-521-2,rep2-2,-m 2.4 -i -0.8,1,"49, 66","16, 102","0, 126",34,14,20,6,0,3,1.0,0,16,15,23,1.2379981868692145,0.7867717505658959,1.8427502945486018,1.1302850923757115
hsa-mir-522,rep2-2,-m 1.8 -i -0.6,1,"51, 67","16, 102","0, 126",35,14,21,5,1,1,0.0,0,15,15,23,0.42020676033578747,0.5126547213875003,1.9147629060900135,0.8583264929582421
hsa-mir-523,rep2-3,-m 2.4 -i -0.8,1,"51, 67","16, 102","0, 126",36,15,21,6,0,0,0.0,0,15,15,23,0.7517748792445689,0.7689542211186018,1.7995804001936493,1.1364690477822574
hsa-mir-524,rep2-1,-m 1.8 -i -0.6,1,"52, 68","17, 103","0, 113",36,15,21,4,0,0,0.0,0,15,16,9,0.7864337138363447,0.8525581951002562,1.1612849684071223,0.964234330929712
hsa-mir-525,rep1,-m 1.8 -i -0.6,2,"51, 67","17, 101","3, 105",35,14,21,4,0,0,0.0,0,15,13,3,1.1861192773668872,1.1812655774649128,1.1867430059361783,1.1327554495184204
hsa-mir-526a-1,rep2-3,-m 1.8 -i -0.6,1,"51, 67","25, 93","23, 116",27,6,21,2,0,0,0.0,0,15,1,22,0.879885796923603,0.8149975252131747,1.3968744169363494,1.0373387451793927
hsa-mir-526a-2,rep2-2,-m 1.8 -i -0.6,1,"53, 60","18, 100","0, 108",36,15,21,6,0,5,0.0,0,6,17,7,0.3718385250407255,0.41809885201249597,1.4089713907079933,1.0861886785955057
hsa-mir-526b,rep2-3,-m 1.8 -i -0.6,1,"51, 67","18, 100","10, 112",34,13,21,3,0,0,0.0,0,15,7,11,0.8324242463516166,0.9304896532763233,1.2330648694493365,0.8006368828823356
hsa-mir-527,rep2-2,-m 1.8 -i -0.6,2,"50, 66","17, 101","4, 110",34,13,21,4,0,2,0.0,0,15,12,8,0.2284717994705182,0.4231024661529667,1.2478906250168298,0.988602262340589
hsa-mir-532,rep2-1,-m 1.8 -i -0.6,1,"52, 66","18, 100","4, 119",35,13,22,8,0,0,0.0,0,13,13,18,1.2080150539967238,0.9505569105423018,1.9543341926196576,0.9456143864078106
hsa-mir-539,rep2-2,-m 1.8 -i -0.6,1,"54, 67","17, 104","15, 108",37,13,24,2,1,1,0,0,12,1,3,1.1562319583466292,0.5876588780598633,1.7749382654731256,0.7849146646133657
hsa-mir-541,rep2-3,-m 1.8 -i -0.6,1,"55, 68","13, 106","9, 108",39,15,24,8,4,0,1,0,12,3,1,0.5739277439778565,0.8636760871292739,1.753553609932595,1.0865274159486142
hsa-mir-542,rep1,-m 1.8 -i -0.6,1,"53, 67","21, 99","14, 106",32,11,21,5,1,1,0.0,0,13,6,6,0.1547908373983742,0.0981511608454332,0.9832139693390058,0.4417943486331005
hsa-mir-543,rep2-3,-m 1.8 -i -0.6,1,"53, 66","20, 99","18, 101",33,12,21,6,1,1,1.0,0,12,1,1,0.4864497535525371,0.3380836157894004,1.5440470031403153,0.4843775828119776
hsa-mir-544a,rep2-1,-m 1.8 -i -0.6,1,"52, 66","19, 99","16, 111",33,12,21,3,1,1,0.0,0,13,2,11,0.1973924295884357,0.142014625315615,1.6741050924416279,0.877808722104872
hsa-mir-545,rep2-2,-m 1.8 -i -0.6,1,"53, 67","18, 102","17, 107",35,12,23,4,1,1,0.0,0,13,0,4,0.14326206357227794,0.19160249612348804,0.4737713431816616,0.3455130576496266
hsa-mir-551b,rep2-3,-m 2.4 -i -0.8,1,"53, 68","18, 101","5, 120",34,13,21,6,2,0,0.0,0,14,12,18,0.7590746534364777,0.9223413545059201,1.4352220745973283,1.0342451257997316
hsa-mir-552,rep2-1,-m 1.8 -i -0.6,1,"53, 67","19, 101","16, 107",35,13,22,2,0,0,0.0,0,13,2,5,1.1805216467407322,1.0734601010277296,2.1220746713696337,1.0192035697034312
hsa-mir-5579,rep2-3,-m 1.8 -i -0.6,1,"52, 69","19, 102","0, 126",34,14,20,2,0,0,0.0,0,16,18,23,0.011790220565594528,0.21988868644591933,1.6242026175447026,0.7268076450867649
hsa-mir-5581,rep2-1,-m 1.8 -i -0.6,1,"54, 68","18, 106","16, 108",37,15,22,10,0,2,0.0,0,13,1,1,0.0,0.16555951899341892,0.0,0.04627192355607446
hsa-mir-5586,rep2-2,-m 1.8 -i -0.6,1,"56, 63","18, 101","12, 105",39,13,26,5,0,0,0,0,6,5,3,1.1556850605976345,1.0324427532352,2.070829271242353,0.9093397445656645
hsa-mir-561,rep2-3,-m 2.4 -i -0.8,1,"53, 65","19, 100","18, 103",35,13,22,1,0,1,0.0,0,11,0,2,1.1585512284830786,0.8211322201320722,2.212380952674694,0.9251219751499917
hsa-mir-5687,rep2-3,-m 1.8 -i -0.6,1,"56, 65","19, 103","11, 115",38,14,24,5,0,1,0,0,8,7,11,0.5390693392809355,0.4797683050074064,1.2771329531945135,0.8379149212193185
hsa-mir-5691,rep2-1,-m 1.8 -i -0.6,1,"58, 64","26, 95","21, 99",32,9,23,5,1,0,0.0,0,5,4,3,0.10458405381195704,0.10515627353796093,0.17396740100354252,0.15880618886100506
hsa-mir-576,rep2-1,-m 2.4 -i -0.8,1,"52, 67","17, 102","0, 111",36,13,23,3,0,0,0,0,14,16,8,1.025435343323154,1.0180216982019992,1.868391906265347,1.157859145331791
hsa-mir-577,rep2-2,-m 1.8 -i -0.6,1,"52, 66","17, 101","13, 104",36,14,22,2,0,0,0.0,0,13,3,2,1.1087500486505415,0.9872114636451159,1.8637306535060107,1.077560493772229
hsa-mir-579,rep2-2,-m 1.8 -i -0.6,1,"51, 70","20, 101","18, 103",32,12,20,0,0,0,0.0,0,18,1,1,0.10622912107559325,0.06539874054859882,1.700619474919534,0.4641772846933587
hsa-mir-580,rep2-3,-m 1.8 -i -0.6,1,"55, 65","22, 98","19, 101",34,9,25,2,0,0,0.0,0,9,2,2,0.7324799543549435,0.8726419795747413,1.4903383393219023,1.0592245794289217
hsa-mir-582,rep2-1,-m 1.8 -i -0.6,1,"53, 68","20, 101","9, 118",33,12,21,1,1,1,0.0,0,14,10,16,0.971480975231326,1.0187615998018,1.541272724899799,0.9989739644256138
hsa-mir-584,rep2-2,-m 1.8 -i -0.6,1,"51, 70","17, 104","16, 106",35,14,21,5,0,0,0.0,0,18,0,1,0.8002404799251972,0.4395337144597777,1.872980525940187,1.0146028026120648
hsa-mir-585,rep2-3,-m 2.4 -i -0.8,1,"53, 70","21, 102","12, 108",33,13,20,2,0,0,0.0,0,16,8,5,1.1196572617795342,0.9259397518981398,2.180010751327627,1.160698485409364
hsa-mir-588,rep2-3,-m 2.4 -i -0.8,1,"54, 64","19, 99","0, 126",35,12,23,4,1,1,0.0,0,9,18,26,0.0,0.0,0.0,0.0
hsa-mir-589,rep2-1,-m 1.8 -i -0.6,1,"56, 63","18, 105","12, 115",39,13,26,9,0,4,0,0,6,5,9,0.30358365877002824,0.18534265535116898,0.29920569819632,0.15094400424814924
hsa-mir-590,rep1,-m 1.8 -i -0.6,1,"51, 67","19, 99","18, 106",33,11,22,4,0,0,0.0,0,15,0,6,0.8369080346928651,0.45268204306320703,1.3937033051237617,0.6213681346650635
hsa-mir-599,rep2-1,-m 2.4 -i -0.8,1,"58, 64","20, 102","18, 104",36,12,24,2,3,3,0.0,0,5,1,1,0.0,0.03611402514623179,0.0,0.0
hsa-mir-605,rep2-3,-m 1.8 -i -0.6,1,"52, 66","19, 99","17, 101",34,13,21,1,0,0,0.0,0,13,1,1,0.5406450574026752,0.4639866847847247,0.778471644356574,0.371421314666808
hsa-mir-616,rep1,-m 2.4 -i -0.8,1,"54, 68","18, 103","0, 107",36,13,23,3,1,0,0,0,13,17,3,1.271759120702089,0.9067640883678495,1.7626524196973095,1.0388893762769469
hsa-mir-624,rep2-2,-m 1.8 -i -0.6,1,"52, 69","18, 103","11, 113",35,15,20,0,0,0,0.0,0,16,6,9,0.943444431250418,0.7401977623510979,1.383667510630529,0.7511550928167966
hsa-mir-628,rep2-2,-m 1.8 -i -0.6,1,"54, 65","17, 102","12, 104",37,13,24,6,1,1,0,0,10,4,1,0.0,0.09565201222225729,1.3403956597329991,0.7592412039163963
hsa-mir-641,rep1,-m 2.4 -i -0.8,1,"52, 71","13, 109","6, 111",38,14,24,2,2,1,0,0,18,6,1,2.6484895989124695,0.5722176729766967,3.0732705562641365,0.4665604619872567
hsa-mir-642a,rep2-1,-m 1.8 -i -0.6,1,"53, 65","19, 99","13, 103",35,13,22,1,0,0,0.0,0,11,5,3,1.0424060803216766,0.7133456375724266,2.190265344140091,0.6946439645938607
hsa-mir-651,rep2-2,-m 1.8 -i -0.6,2,"53, 66","22, 97","21, 98",32,9,23,4,0,0,1.0,0,12,0,0,1.0219095965411302,0.8117032479446771,1.647528392469161,0.8622995962870625
hsa-mir-652,rep2-3,-m 1.8 -i -0.6,1,"54, 68","16, 102","9, 118",35,13,22,4,4,0,0.0,0,13,6,15,1.7029717992522653,0.864247786250504,2.112027271455852,0.9312284213845295
hsa-mir-654,rep2-1,-m 1.8 -i -0.6,3,"53, 63","17, 97","13, 98",34,13,21,8,3,1,1.0,0,9,3,0,0.5952192950739318,0.4994672943835925,0.3688212902930179,0.2905330976969398
hsa-mir-655,rep2-2,-m 1.8 -i -0.6,1,"53, 66","20, 99","17, 106",34,11,23,4,0,0,0.0,0,12,2,6,0.0,0.09917862421476871,1.654344293273171,0.4485080800625706
hsa-mir-656,rep2-3,-m 1.8 -i -0.6,1,"53, 66","19, 107","18, 109",35,14,21,8,0,7,1.0,0,12,0,1,0.35493337416708176,0.635087230924606,1.325118580329882,0.9174940732407368
hsa-mir-660,rep1,-m 2.4 -i -0.8,1,"53, 65","18, 100","10, 115",35,13,22,8,1,1,0.0,0,11,7,14,0.924458182268334,0.7283336482113064,1.7271889754632128,0.9288384608727883
hsa-mir-670,rep1,-m 2.4 -i -0.8,1,"55, 67","16, 105","13, 108",37,13,24,5,3,2,1,0,11,2,2,0.02981896580591148,0.08192892357411133,0.8788863591152675,0.32788510002490956
hsa-mir-671,rep1,-m 1.8 -i -0.6,1,"54, 68","18, 101","16, 107",34,13,21,2,3,0,0.0,0,13,1,5,1.3305419162049106,0.9038291307644556,1.3864724833540325,0.8233241005228625
hsa-mir-6720,rep1,-m 1.8 -i -0.6,3,"54, 68","18, 105","11, 110",35,15,20,5,2,3,0.0,0,13,6,4,0.4493091262091707,0.24624758469576333,0.2987022662570269,0.19922677352960874
hsa-mir-6746,rep2-2,-m 1.8 -i -0.6,1,"57, 65","22, 107","18, 126",35,11,24,6,1,8,1.0,0,7,3,18,0.03069392236177282,0.030269435439903503,0.008353396288092285,0.021716936930497924
hsa-mir-675,rep2-3,-m 1.8 -i -0.6,1,"55, 66","24, 96","0, 97",31,9,22,4,1,0,0.0,0,10,23,0,0.615050255011571,0.24317950439198543,0.5652097713208796,0.6013718872516723
hsa-mir-676,rep1,-m 2.4 -i -0.8,1,"53, 66","19, 101","13, 108",34,14,20,5,1,2,0.0,0,12,5,6,0.3739616844291262,0.22059264443865145,1.633081235104722,0.486746400144042
hsa-mir-7-1,rep2-2,-m 1.8 -i -0.6,1,"53, 70","15, 105","0, 126",36,14,22,2,3,0,1.0,0,16,14,20,0.9942152372187539,0.9532258131122465,2.1982480238337616,1.0409537872857115
hsa-mir-7-2,rep2-3,-m 1.8 -i -0.6,1,"54, 67","17, 102","0, 106",36,13,23,6,2,0,1,0,12,16,3,1.1339323278308668,0.8516348064481677,1.9229774342175006,0.8582617975137945
hsa-mir-7-3,rep1,-m 1.8 -i -0.6,1,"54, 67","17, 101","12, 102",35,13,22,5,3,0,0.0,0,12,4,0,1.1934932705046981,1.0354085686571166,2.1642855221287345,1.218172262507738
hsa-mir-708,rep1,-m 1.8 -i -0.6,1,"47, 73","14, 106","0, 126",34,13,21,5,0,0,0.0,0,25,13,19,1.1322603235211648,0.9756280942714909,2.1216314663100646,1.017171531331058
hsa-mir-7151,rep2-2,-m 1.8 -i -0.6,1,"56, 67","16, 104","0, 126",36,15,21,3,5,2,0.0,0,10,15,21,0.27827869754614476,0.2971619555132154,0.3753518128080707,0.20669190965998213
hsa-mir-744,rep2-3,-m 1.8 -i -0.6,1,"43, 77","9, 110","3, 117",33,13,20,3,2,1,0.0,0,33,5,6,0.9175493361554647,1.0211915213939142,1.2719753125063655,0.9058491725339222
hsa-mir-758,rep1,-m 1.8 -i -0.6,1,"53, 66","20, 100","18, 103",33,11,22,6,1,2,0.0,0,12,1,2,0.13656342694242132,0.08283742101801597,0.039362106004902774,0.059263827013519156
hsa-mir-760,rep1,-m 1.8 -i -0.6,2,"56, 66","19, 102","16, 126",35,13,22,5,3,2,0.0,0,9,2,23,0.9031967506909153,0.704901430724539,1.6742756873786129,0.9238234326177477
hsa-mir-766,rep1,-m 2.4 -i -0.8,1,"54, 68","21, 100","17, 105",33,12,21,8,1,0,0.0,0,13,3,4,0.24714334830602228,0.09576968580384557,1.060973971743869,0.47510633427448484
hsa-mir-769,rep1,-m 1.8 -i -0.6,1,"51, 67","20, 98","11, 116",31,10,21,3,1,1,0.0,0,15,8,17,1.302187795702158,0.4471896255900426,1.373516705754726,0.3864712351427875
hsa-mir-770,rep1,-m 2.4 -i -0.8,1,"53, 68","18, 100","16, 103",33,11,22,4,3,0,1.0,0,14,1,2,0.0,0.028631234609090405,0.10124371257302127,0.12745683464973068
hsa-mir-802,rep2-3,-m 2.4 -i -0.8,2,"53, 66","16, 105","8, 107",37,14,23,5,1,3,0,0,12,7,1,0.9471912013868503,0.9909413406608923,1.7323275001407832,1.0153225342774794
hsa-mir-874,rep1,-m 2.4 -i -0.8,3,"57, 66","32, 89","11, 94",22,-1,23,3,3,1,,0,8,20,4,0.0,0.05102228744252131,0.41064727758709757,0.46732834477008955
hsa-mir-875,rep1,-m 1.8 -i -0.6,1,"55, 66","22, 99","2, 105",33,12,21,5,1,1,0.0,0,10,19,5,0.13753389235341631,0.11092454576723186,1.4957845899405326,1.0467675110872678
hsa-mir-885,rep2-1,-m 2.4 -i -0.8,1,"57, 64","22, 99","0, 126",35,13,22,4,1,1,1.0,0,6,21,26,0.3905704976362008,0.4916368796951747,2.219933648437451,0.8816575113606347
hsa-mir-887,rep2-2,-m 1.8 -i -0.6,1,"52, 66","14, 104","0, 126",36,13,23,3,3,3,0,0,13,13,21,0.3205906229675566,0.18482605917512557,0.724949454468986,0.6841298129835847
hsa-mir-888,rep2-3,-m 1.8 -i -0.6,2,"54, 66","18, 103","12, 109",37,15,22,7,0,1,1.0,0,11,5,5,1.1079255465344189,0.7414899315633763,1.9308233241973376,1.0161595825763734
hsa-mir-889,rep2-1,-m 1.8 -i -0.6,1,"54, 64","17, 102","10, 105",36,14,22,5,2,3,0.0,0,9,6,2,0.05912228168840365,0.09616441580272278,0.9201268521829009,0.5435134141366454
hsa-mir-890,rep1,-m 1.8 -i -0.6,4,"54, 66","20, 100","19, 103",34,13,21,4,1,1,1.0,0,11,0,2,0.7637689865121581,0.7570973160370901,1.7674486557690277,1.0579330785839614
hsa-mir-892a,rep2-2,-m 1.2 -i -0.4,3,"52, 64","18, 98","17, 101",34,13,21,5,1,1,1.0,0,11,0,2,0.7805226346088628,0.4117248242165825,1.399251504904601,0.4266902807407105
hsa-mir-892b,rep2-1,-m 1.8 -i -0.6,2,"57, 63","20, 100","17, 101",38,13,25,8,0,0,1,0,5,2,0,0.49046101475788545,0.36454608985918435,0.9654194665237678,0.6608263240790784
hsa-mir-892c,rep2-2,-m 1.8 -i -0.6,1,"54, 66","15, 107","11, 111",37,15,22,7,3,5,1.0,0,11,3,3,0.5578864892207532,0.5689960982325231,1.830433155407342,0.8989375172667953
hsa-mir-9-1,rep2-3,-m 1.8 -i -0.6,1,"54, 67","17, 103","15, 112",37,13,24,3,1,0,0,0,12,1,8,0.907908937717124,1.0128510209065977,1.8223951505036304,1.0848627927560452
hsa-mir-9-2,rep2-1,-m 1.8 -i -0.6,1,"55, 66","18, 102","16, 108",37,13,24,3,1,0,0,0,10,1,5,0.9786110374623243,0.9887917461637091,1.9559882812822855,1.0578321367582255
hsa-mir-9-3,rep1,-m 1.8 -i -0.6,2,"52, 67","16, 103","11, 113",36,14,22,3,1,1,0.0,0,14,4,9,0.6163815152396537,0.8120302452873085,1.422812308753954,0.9104044164693412
hsa-mir-92a-1,rep2-2,-m 1.8 -i -0.6,2,"57, 62","18, 103","16, 105",38,12,26,2,2,4,1.0,0,4,1,1,0.8074557990059178,0.7814746145581755,1.302922583974632,1.123735534477339
hsa-mir-92a-2,rep2-3,-m 1.8 -i -0.6,1,"52, 69","22, 98","18, 100",30,9,21,6,1,0,1.0,0,16,3,1,0.7725978670772264,0.565251204516337,1.1839202776351931,0.9861158932400018
hsa-mir-93,rep2-2,-m 1.8 -i -0.6,2,"53, 68","18, 103","13, 122",34,13,21,2,2,2,0.0,0,14,4,18,1.296594781745074,1.0906572209310905,1.8912472136244902,0.9361596429939649
hsa-mir-934,rep2-1,-m 1.8 -i -0.6,1,"54, 63","18, 100","10, 111",37,14,23,2,0,1,0,0,8,7,10,1.6304255302669952,0.4566201878696818,2.221360263905034,0.5901344207809155
hsa-mir-941-1,rep1,-m 1.8 -i -0.6,1,"55, 64","15, 103","0, 107",37,12,25,4,4,3,0.0,0,8,14,3,0.15107733269739143,0.07308465969103949,0.15355733342797726,0.1270495972634798
hsa-mir-942,rep2-3,-m 1.8 -i -0.6,1,"52, 67","17, 102","15, 104",36,12,24,1,0,0,0.0,0,14,1,1,0.0,0.09231792746904727,1.414070370508327,0.47489875462887654
hsa-mir-944,rep1,-m 1.8 -i -0.6,1,"53, 66","16, 103","14, 104",38,15,23,3,0,0,0,0,12,1,0,0.9218868444726852,0.9775598457625676,2.0885977948307426,0.8800153808441689
hsa-mir-95,rep2-1,-m 1.8 -i -0.6,1,"53, 67","22, 98","0, 100",32,11,21,3,0,0,0.0,0,13,21,1,0.0,0.22870299955208712,1.5270253484096734,0.547139307119302
hsa-mir-96,rep1,-m 1.8 -i -0.6,1,"52, 68","16, 103","5, 114",36,13,23,6,1,0,1,0,15,10,10,1.0118325873277203,0.7863043098982966,1.9416922443400901,0.8878614873902886
hsa-mir-98,rep2-3,-m 1.8 -i -0.6,1,"44, 77","8, 113","5, 115",36,14,22,1,1,1,0.0,1,32,2,1,1.4329135831711,1.1610505668405326,2.3506863828921207,1.1565547958250342
hsa-mir-99a,rep2-1,-m 1.8 -i -0.6,1,"52, 66","17, 102","13, 104",36,14,22,4,0,1,0.0,1,13,3,1,1.2415123488059854,1.1177495315275032,1.90524742221493,0.9656575401260862
hsa-mir-99b,rep2-2,-m 1.8 -i -0.6,1,"50, 69","17, 103","9, 116",33,14,19,3,1,2,0.0,0,18,7,12,0.9275296657655429,0.9315379876116264,0.7317353216204072,0.7241243086601201
