,rep1_+1m7,rep1_-1m7,rep1_dc,rep2-1_+1m7,rep2-1_-1m7,rep2-1_dc,rep2-2_+1m7,rep2-2_-1m7,rep2-2_dc,rep2-3_+1m7,rep2-3_-1m7,rep2-3_dc
hsa-let-7a-1,8730.0,3575.0,3656.0,27344.0,16207.0,17350.0,64.0,56.0,67.0,75.0,51.0,130.0
hsa-let-7a-2,20572.0,13169.0,13640.0,617.0,475.0,702.0,48166.0,26485.0,44703.0,1262.0,662.0,1244.0
hsa-let-7a-3,22988.0,9755.0,9520.0,601.0,377.0,452.0,1816.0,761.0,1119.0,66134.0,22257.0,40504.0
hsa-let-7b,14847.0,10222.0,10236.0,47500.0,38022.0,52040.0,755.0,416.0,733.0,159.0,95.0,244.0
hsa-let-7c,9342.0,6073.0,6773.0,315.0,244.0,309.0,23721.0,13717.0,23669.0,158.0,67.0,126.0
hsa-let-7d,31.0,18.0,27.0,110.0,69.0,114.0,0.0,0.0,0.0,1.0,1.0,1.0
hsa-let-7e,27686.0,18476.0,20108.0,3299.0,2739.0,3666.0,384.0,239.0,366.0,79635.0,41452.0,87784.0
hsa-let-7f-1,12764.0,6573.0,8287.0,45912.0,34144.0,43766.0,157.0,106.0,190.0,189.0,100.0,294.0
hsa-let-7f-2,28584.0,18041.0,19133.0,4970.0,3712.0,5280.0,67360.0,36098.0,63283.0,353.0,215.0,409.0
hsa-let-7g,24185.0,14034.0,16868.0,652.0,535.0,670.0,404.0,249.0,403.0,87232.0,41714.0,84060.0
hsa-let-7i,17025.0,13583.0,13836.0,51425.0,43780.0,64735.0,4228.0,2605.0,4407.0,211.0,134.0,306.0
hsa-mir-1-1,26758.0,20584.0,21147.0,577.0,508.0,675.0,62402.0,38614.0,69441.0,334.0,215.0,391.0
hsa-mir-1-2,20356.0,13049.0,15894.0,1074.0,955.0,1267.0,245.0,170.0,247.0,67745.0,35133.0,67233.0
hsa-mir-100,12225.0,6849.0,8836.0,558.0,475.0,651.0,182.0,73.0,156.0,38107.0,17603.0,38050.0
hsa-mir-101-1,27749.0,21845.0,21795.0,89755.0,79253.0,115552.0,263.0,188.0,267.0,330.0,227.0,467.0
hsa-mir-101-2,55710.0,50489.0,51999.0,882.0,741.0,1125.0,702.0,500.0,756.0,156478.0,108598.0,229247.0
hsa-mir-103a-1,66499.0,37031.0,42538.0,223570.0,161842.0,214143.0,630.0,393.0,654.0,782.0,430.0,1325.0
hsa-mir-103a-2,21699.0,16839.0,17523.0,467.0,342.0,534.0,47595.0,30390.0,54015.0,314.0,180.0,314.0
hsa-mir-105-1,13588.0,9002.0,9212.0,347.0,276.0,463.0,184.0,135.0,176.0,47904.0,24357.0,51543.0
hsa-mir-105-2,28966.0,20892.0,20706.0,95641.0,72996.0,107384.0,321.0,224.0,315.0,1173.0,677.0,1458.0
hsa-mir-106a,7210.0,5632.0,6319.0,300.0,256.0,377.0,18746.0,12564.0,23342.0,1640.0,1015.0,2089.0
hsa-mir-106b,28361.0,19741.0,23811.0,1219.0,1132.0,1456.0,517.0,297.0,479.0,93383.0,62674.0,118060.0
hsa-mir-107,76399.0,63584.0,59312.0,3442.0,2970.0,4109.0,183266.0,118089.0,213148.0,1084.0,703.0,1239.0
hsa-mir-10a,56934.0,30477.0,41806.0,45059.0,37505.0,45127.0,120759.0,60522.0,107831.0,895.0,511.0,958.0
hsa-mir-10b,24421.0,13769.0,16933.0,2026.0,1494.0,2107.0,65280.0,33227.0,58475.0,379.0,190.0,365.0
hsa-mir-1179,32639.0,25008.0,25509.0,405.0,341.0,506.0,271.0,201.0,332.0,76993.0,49267.0,100476.0
hsa-mir-1180,10491.0,2796.0,5235.0,568.0,324.0,412.0,221.0,132.0,204.0,55966.0,11585.0,22067.0
hsa-mir-1185-1,15150.0,7861.0,10042.0,48714.0,34517.0,46560.0,161.0,113.0,151.0,1472.0,615.0,1346.0
hsa-mir-1185-2,7584.0,3795.0,4687.0,156.0,151.0,196.0,16982.0,7666.0,13350.0,88.0,54.0,84.0
hsa-mir-1193,52436.0,37585.0,37928.0,175040.0,134290.0,198899.0,564.0,336.0,533.0,631.0,392.0,956.0
hsa-mir-1197,99819.0,72553.0,75880.0,1379.0,1086.0,1578.0,241556.0,143371.0,264581.0,1287.0,812.0,1451.0
hsa-mir-122,17315.0,10728.0,11623.0,222.0,192.0,313.0,212.0,133.0,178.0,55119.0,26828.0,53194.0
hsa-mir-124-1,21377.0,16167.0,17093.0,73200.0,58409.0,95134.0,212.0,154.0,229.0,283.0,149.0,453.0
hsa-mir-124-2,31903.0,21377.0,22490.0,414.0,327.0,439.0,74723.0,43623.0,76101.0,397.0,237.0,435.0
hsa-mir-124-3,114704.0,64115.0,72113.0,1307.0,1103.0,1560.0,1206.0,741.0,1136.0,329051.0,152843.0,301777.0
hsa-mir-1245b,1225.0,219.0,519.0,3770.0,1575.0,1675.0,24.0,7.0,25.0,19.0,9.0,28.0
hsa-mir-1247,114557.0,65682.0,65639.0,1392.0,998.0,1400.0,307353.0,149168.0,255185.0,1448.0,849.0,1470.0
hsa-mir-1249,19366.0,13292.0,13028.0,269.0,204.0,332.0,179.0,111.0,188.0,49224.0,25158.0,55736.0
hsa-mir-1251,30894.0,21489.0,21432.0,99487.0,79755.0,109711.0,258.0,164.0,278.0,313.0,170.0,493.0
hsa-mir-1252,1316.0,157.0,489.0,19.0,24.0,22.0,3721.0,468.0,774.0,13.0,11.0,14.0
hsa-mir-1256,17956.0,12115.0,12890.0,45874.0,35039.0,50074.0,8497.0,4809.0,8491.0,186.0,145.0,312.0
hsa-mir-125a,108769.0,77176.0,78798.0,342242.0,277046.0,393028.0,1048.0,616.0,1045.0,1267.0,757.0,1948.0
hsa-mir-125b-1,34700.0,23980.0,25225.0,418.0,296.0,456.0,59210.0,35357.0,61865.0,389.0,252.0,407.0
hsa-mir-125b-2,8070.0,4036.0,4647.0,104.0,84.0,142.0,85.0,63.0,89.0,27614.0,10606.0,24500.0
hsa-mir-126,34192.0,24823.0,25369.0,106320.0,90819.0,128788.0,306.0,183.0,324.0,387.0,265.0,692.0
hsa-mir-1264,43502.0,26286.0,32390.0,674.0,500.0,699.0,106577.0,57751.0,102220.0,595.0,382.0,627.0
hsa-mir-1266,641.0,211.0,353.0,22.0,11.0,14.0,2121.0,501.0,1347.0,12.0,3.0,9.0
hsa-mir-1269a,1871.0,734.0,950.0,4754.0,2546.0,3805.0,23.0,20.0,27.0,1555.0,500.0,1116.0
hsa-mir-127,15032.0,9118.0,9629.0,278.0,238.0,327.0,146.0,118.0,170.0,43221.0,19613.0,43204.0
hsa-mir-1270,49207.0,17239.0,34075.0,152017.0,114581.0,142526.0,819.0,554.0,920.0,1193.0,648.0,1466.0
hsa-mir-1271,26195.0,12495.0,13231.0,79706.0,47632.0,60841.0,2519.0,1087.0,1868.0,209.0,136.0,404.0
hsa-mir-1276,1737.0,1128.0,1142.0,44.0,30.0,54.0,4147.0,2186.0,3755.0,46.0,35.0,30.0
hsa-mir-1277,1419.0,157.0,500.0,43.0,29.0,64.0,9255.0,550.0,947.0,40.0,24.0,46.0
hsa-mir-1278,970.0,506.0,746.0,12.0,12.0,13.0,9.0,10.0,13.0,3037.0,1424.0,2867.0
hsa-mir-128-1,1892.0,771.0,969.0,34.0,22.0,31.0,26.0,23.0,26.0,5513.0,1679.0,4075.0
hsa-mir-128-2,97.0,77.0,76.0,318.0,283.0,459.0,1.0,0.0,2.0,0.0,0.0,0.0
hsa-mir-1283-1,23756.0,14017.0,17435.0,78024.0,57164.0,87715.0,300.0,175.0,339.0,280.0,181.0,468.0
hsa-mir-1283-2,275.0,131.0,211.0,41.0,25.0,18.0,687.0,289.0,508.0,13.0,2.0,4.0
hsa-mir-1286,131087.0,97823.0,100087.0,1855.0,1556.0,2228.0,1598.0,1067.0,1612.0,373300.0,212331.0,440545.0
hsa-mir-1287,14206.0,9631.0,11193.0,245.0,184.0,243.0,34633.0,19912.0,35817.0,201.0,118.0,219.0
hsa-mir-129-1,28129.0,17298.0,19142.0,349.0,299.0,425.0,332.0,162.0,318.0,73971.0,36966.0,75970.0
hsa-mir-129-2,15917.0,8298.0,9875.0,53111.0,36319.0,50634.0,158.0,90.0,161.0,169.0,103.0,253.0
hsa-mir-1294,2991.0,1341.0,1697.0,9140.0,5654.0,7922.0,23.0,17.0,17.0,22.0,14.0,46.0
hsa-mir-1295a,24494.0,14677.0,17556.0,303.0,234.0,348.0,60586.0,31285.0,65502.0,301.0,194.0,312.0
hsa-mir-1296,20025.0,11087.0,12500.0,329.0,253.0,349.0,48436.0,24256.0,40573.0,256.0,153.0,275.0
hsa-mir-1298,32017.0,18942.0,21573.0,383.0,322.0,501.0,659.0,330.0,640.0,86426.0,41406.0,84288.0
hsa-mir-1301,12954.0,8172.0,15207.0,61009.0,55270.0,65749.0,183.0,123.0,147.0,207.0,128.0,325.0
hsa-mir-1307,117988.0,87876.0,85021.0,1543.0,1272.0,1708.0,306547.0,182763.0,336163.0,1619.0,987.0,1866.0
hsa-mir-130a,107079.0,77187.0,76302.0,1490.0,1257.0,1811.0,1714.0,1107.0,1697.0,308136.0,174834.0,341906.0
hsa-mir-130b,800.0,541.0,843.0,3018.0,2541.0,3908.0,10.0,4.0,7.0,7.0,5.0,14.0
hsa-mir-132,7660.0,5287.0,5180.0,92.0,88.0,95.0,23932.0,13033.0,22723.0,91.0,57.0,95.0
hsa-mir-1323,64132.0,44579.0,49815.0,231088.0,201399.0,277438.0,587.0,402.0,668.0,746.0,497.0,1283.0
hsa-mir-133a-1,15515.0,9420.0,10859.0,349.0,278.0,393.0,435.0,258.0,431.0,51264.0,23562.0,51870.0
hsa-mir-133a-2,17486.0,9574.0,10920.0,59923.0,39694.0,56611.0,146.0,112.0,150.0,164.0,101.0,295.0
hsa-mir-133b,113314.0,76461.0,79461.0,1464.0,1155.0,1659.0,221522.0,128214.0,227187.0,54301.0,29625.0,59094.0
hsa-mir-134,22767.0,17156.0,16944.0,330.0,266.0,351.0,60608.0,36318.0,66853.0,456.0,293.0,484.0
hsa-mir-1343,24555.0,8287.0,10278.0,277.0,222.0,308.0,321.0,152.0,254.0,66103.0,19078.0,33579.0
hsa-mir-135a-1,21710.0,12643.0,14656.0,71508.0,52156.0,71222.0,183.0,129.0,197.0,218.0,132.0,372.0
hsa-mir-135a-2,60585.0,30751.0,41418.0,814.0,664.0,907.0,657.0,430.0,677.0,148101.0,61987.0,118152.0
hsa-mir-135b,13635.0,7393.0,8470.0,199.0,158.0,172.0,34317.0,16739.0,28418.0,223.0,112.0,213.0
hsa-mir-136,81634.0,49461.0,55194.0,908.0,775.0,1126.0,829.0,559.0,765.0,208157.0,101635.0,198626.0
hsa-mir-137,50467.0,31727.0,34846.0,168366.0,122421.0,177176.0,487.0,285.0,502.0,515.0,324.0,883.0
hsa-mir-138-1,18340.0,12127.0,12271.0,58303.0,42414.0,60808.0,160.0,80.0,149.0,166.0,117.0,296.0
hsa-mir-138-2,59686.0,44056.0,44121.0,782.0,652.0,836.0,148840.0,91203.0,162302.0,863.0,536.0,917.0
hsa-mir-139,37070.0,29831.0,31996.0,571.0,518.0,789.0,489.0,383.0,543.0,127490.0,75516.0,164002.0
hsa-mir-140,32662.0,24231.0,23558.0,106352.0,89440.0,123904.0,287.0,183.0,276.0,371.0,221.0,521.0
hsa-mir-141,128.0,49.0,62.0,247.0,166.0,197.0,7.0,0.0,6.0,117.0,41.0,92.0
hsa-mir-142,19006.0,14204.0,14222.0,261.0,224.0,283.0,46758.0,27598.0,48490.0,280.0,159.0,302.0
hsa-mir-143,20228.0,15786.0,16992.0,321.0,285.0,427.0,277.0,168.0,248.0,66282.0,40562.0,84828.0
hsa-mir-144,19408.0,10552.0,13042.0,60236.0,42827.0,59149.0,176.0,104.0,211.0,179.0,106.0,325.0
hsa-mir-145,21199.0,14692.0,15591.0,343.0,243.0,359.0,47085.0,27337.0,49250.0,235.0,171.0,307.0
hsa-mir-146a,27062.0,13795.0,14442.0,316.0,266.0,391.0,288.0,186.0,261.0,76404.0,30515.0,57528.0
hsa-mir-146b,55407.0,41371.0,41556.0,171405.0,139873.0,207838.0,565.0,341.0,637.0,10841.0,6217.0,12818.0
hsa-mir-147b,36717.0,14909.0,22124.0,518.0,416.0,540.0,89481.0,36768.0,60642.0,508.0,273.0,534.0
hsa-mir-148a,46251.0,34384.0,34787.0,706.0,552.0,852.0,105255.0,64729.0,115614.0,645.0,366.0,720.0
hsa-mir-148b,76752.0,49383.0,54183.0,1052.0,895.0,1221.0,847.0,569.0,762.0,211123.0,107197.0,215774.0
hsa-mir-149,18275.0,5215.0,8022.0,73042.0,27379.0,37383.0,260.0,154.0,269.0,274.0,177.0,440.0
hsa-mir-150,16278.0,7431.0,7999.0,232.0,201.0,241.0,53339.0,20552.0,36488.0,229.0,171.0,291.0
hsa-mir-151a,12186.0,8670.0,8459.0,164.0,126.0,203.0,146.0,90.0,129.0,32891.0,18710.0,36089.0
hsa-mir-152,12920.0,8694.0,8495.0,41579.0,30164.0,43742.0,117.0,89.0,122.0,133.0,99.0,235.0
hsa-mir-153-1,65587.0,38445.0,41119.0,891.0,719.0,968.0,12619.0,6489.0,10955.0,184248.0,87054.0,169714.0
hsa-mir-153-2,28731.0,21599.0,22825.0,962.0,822.0,1194.0,86672.0,47627.0,86968.0,435.0,255.0,453.0
hsa-mir-154,947.0,683.0,654.0,11.0,12.0,25.0,14.0,9.0,12.0,2770.0,1370.0,3505.0
hsa-mir-155,3112.0,2306.0,2386.0,8773.0,6684.0,12354.0,1551.0,997.0,2161.0,40.0,28.0,64.0
hsa-mir-15a,0.0,0.0,0.0,0.0,0.0,0.0,0.0,0.0,0.0,0.0,0.0,0.0
hsa-mir-15b,2453.0,1573.0,1971.0,43.0,41.0,62.0,6927.0,4005.0,6582.0,31.0,26.0,62.0
hsa-mir-16-1,11285.0,8379.0,9285.0,193.0,171.0,244.0,215.0,139.0,185.0,37248.0,21373.0,42921.0
hsa-mir-16-2,4660.0,2942.0,3697.0,15958.0,14504.0,18828.0,64.0,39.0,57.0,71.0,45.0,105.0
hsa-mir-17,4180.0,3008.0,3579.0,82.0,57.0,100.0,14938.0,7894.0,18320.0,131.0,71.0,165.0
hsa-mir-181a-1,31599.0,17370.0,20274.0,357.0,308.0,428.0,337.0,218.0,330.0,87597.0,38520.0,77176.0
hsa-mir-181a-2,150.0,97.0,114.0,434.0,396.0,487.0,4.0,1.0,4.0,10.0,6.0,11.0
hsa-mir-181b-1,10333.0,5762.0,7360.0,202.0,161.0,214.0,26782.0,13233.0,22614.0,188.0,97.0,223.0
hsa-mir-181b-2,10252.0,7222.0,8214.0,147.0,125.0,228.0,117.0,91.0,142.0,32438.0,17064.0,38211.0
hsa-mir-181c,38112.0,22521.0,24747.0,121005.0,86851.0,122238.0,392.0,250.0,368.0,457.0,294.0,637.0
hsa-mir-181d,3966.0,1844.0,1884.0,58.0,38.0,47.0,10685.0,4548.0,7105.0,23.0,17.0,59.0
hsa-mir-182,14719.0,9715.0,10392.0,205.0,144.0,259.0,173.0,144.0,165.0,44270.0,23384.0,45068.0
hsa-mir-183,33905.0,21776.0,21662.0,109175.0,80661.0,109249.0,297.0,186.0,323.0,359.0,229.0,599.0
hsa-mir-184,4491.0,2648.0,2882.0,14236.0,10980.0,14920.0,52.0,26.0,53.0,52.0,37.0,80.0
hsa-mir-185,23853.0,18579.0,18536.0,297.0,264.0,382.0,49114.0,29767.0,55024.0,287.0,171.0,322.0
hsa-mir-186,391.0,59.0,176.0,9.0,6.0,17.0,13.0,5.0,2.0,2162.0,121.0,284.0
hsa-mir-187,5486.0,4015.0,4352.0,17817.0,14022.0,21536.0,43.0,28.0,52.0,65.0,37.0,98.0
hsa-mir-188,27804.0,19160.0,18532.0,410.0,292.0,440.0,56541.0,32774.0,56450.0,332.0,196.0,323.0
hsa-mir-18a,13357.0,9772.0,10428.0,195.0,191.0,267.0,133.0,110.0,157.0,39288.0,23055.0,46655.0
hsa-mir-18b,9172.0,5823.0,6907.0,31541.0,27493.0,36364.0,122.0,71.0,103.0,131.0,78.0,190.0
hsa-mir-1908,10369.0,4949.0,5159.0,208.0,150.0,260.0,36288.0,12900.0,30833.0,215.0,141.0,225.0
hsa-mir-190a,12244.0,5556.0,8144.0,169.0,153.0,218.0,179.0,108.0,144.0,45858.0,16247.0,31310.0
hsa-mir-190b,1169.0,706.0,819.0,42.0,33.0,42.0,2436.0,1347.0,2511.0,28.0,14.0,33.0
hsa-mir-191,27909.0,20944.0,21894.0,94283.0,80081.0,111548.0,270.0,171.0,280.0,506.0,268.0,688.0
hsa-mir-1911,53274.0,35896.0,36754.0,679.0,577.0,832.0,48074.0,26568.0,45964.0,115576.0,56320.0,122281.0
hsa-mir-1913,72846.0,37198.0,35873.0,1047.0,874.0,1378.0,713.0,476.0,657.0,220712.0,89685.0,171204.0
hsa-mir-192,10436.0,7387.0,7695.0,161.0,167.0,249.0,139.0,92.0,136.0,32465.0,18228.0,36259.0
hsa-mir-193a,31508.0,21530.0,23931.0,100464.0,81934.0,115242.0,365.0,232.0,425.0,518.0,272.0,723.0
hsa-mir-193b,5869.0,2743.0,4354.0,76.0,55.0,84.0,14508.0,6508.0,11171.0,88.0,55.0,91.0
hsa-mir-194-1,18560.0,11687.0,13385.0,65959.0,52520.0,70236.0,216.0,133.0,199.0,268.0,151.0,385.0
hsa-mir-194-2,38670.0,29428.0,31579.0,468.0,504.0,698.0,461.0,306.0,461.0,113109.0,70363.0,137808.0
hsa-mir-195,54395.0,40290.0,42858.0,175163.0,153162.0,211993.0,1936.0,1197.0,2028.0,708.0,409.0,1025.0
hsa-mir-196a-1,108776.0,78690.0,80548.0,1439.0,1133.0,1703.0,248401.0,149026.0,264890.0,1436.0,881.0,1547.0
hsa-mir-196a-2,130381.0,97229.0,103261.0,1849.0,1434.0,2186.0,208111.0,126450.0,218551.0,121426.0,73231.0,146466.0
hsa-mir-196b,165616.0,124708.0,127747.0,2246.0,2010.0,3060.0,1943.0,1313.0,1994.0,472267.0,270569.0,571555.0
hsa-mir-197,111362.0,78184.0,82697.0,343866.0,267665.0,400197.0,1118.0,633.0,1106.0,1284.0,764.0,2003.0
hsa-mir-199a-1,21497.0,14962.0,15085.0,299.0,251.0,332.0,60589.0,34700.0,60972.0,289.0,175.0,341.0
hsa-mir-199a-2,34235.0,25014.0,24237.0,458.0,420.0,615.0,423.0,295.0,450.0,104115.0,59405.0,119199.0
hsa-mir-199b,65195.0,43991.0,42514.0,201839.0,145414.0,214175.0,604.0,395.0,547.0,730.0,490.0,1136.0
hsa-mir-19a,770.0,393.0,730.0,584.0,572.0,718.0,2277.0,1041.0,1732.0,73.0,34.0,61.0
hsa-mir-19b-1,25193.0,15472.0,17701.0,384.0,308.0,447.0,442.0,272.0,403.0,86893.0,43661.0,86844.0
hsa-mir-19b-2,13424.0,10256.0,12795.0,43932.0,43975.0,61221.0,178.0,90.0,167.0,205.0,121.0,270.0
hsa-mir-200a,6529.0,4471.0,4601.0,101.0,83.0,124.0,17910.0,9605.0,17008.0,128.0,66.0,113.0
hsa-mir-200b,30827.0,17140.0,17368.0,655.0,471.0,777.0,668.0,429.0,633.0,107079.0,47664.0,87888.0
hsa-mir-200c,7483.0,3005.0,4712.0,24620.0,16049.0,22323.0,102.0,64.0,94.0,113.0,65.0,163.0
hsa-mir-202,11431.0,5747.0,6453.0,171.0,144.0,214.0,27319.0,12197.0,20535.0,143.0,66.0,135.0
hsa-mir-203a,28726.0,18097.0,20101.0,365.0,332.0,463.0,343.0,200.0,346.0,98988.0,49891.0,99864.0
hsa-mir-204,48937.0,36404.0,39737.0,172734.0,158453.0,216768.0,600.0,355.0,593.0,672.0,439.0,1068.0
hsa-mir-205,167205.0,113728.0,110067.0,2147.0,1704.0,2347.0,310568.0,170018.0,302753.0,52164.0,28521.0,58602.0
hsa-mir-206,77754.0,52343.0,56746.0,1042.0,862.0,1288.0,861.0,590.0,869.0,220669.0,117201.0,237056.0
hsa-mir-208a,101981.0,77329.0,79468.0,1412.0,1241.0,1879.0,1265.0,839.0,1302.0,324180.0,186327.0,379281.0
hsa-mir-208b,14754.0,6071.0,6628.0,48333.0,26841.0,32664.0,222.0,124.0,167.0,395.0,155.0,365.0
hsa-mir-20a,110.0,50.0,68.0,1.0,1.0,2.0,355.0,137.0,259.0,5.0,0.0,1.0
hsa-mir-20b,31973.0,22647.0,23832.0,569.0,490.0,725.0,14839.0,8516.0,15328.0,86585.0,48380.0,99484.0
hsa-mir-21,74719.0,56912.0,55526.0,257255.0,217842.0,308274.0,966.0,592.0,924.0,935.0,625.0,1490.0
hsa-mir-210,24562.0,15434.0,12844.0,452.0,363.0,440.0,79535.0,38851.0,67801.0,350.0,203.0,354.0
hsa-mir-211,7685.0,6993.0,6280.0,109.0,103.0,127.0,93.0,70.0,91.0,21594.0,13740.0,30604.0
hsa-mir-2114,0.0,0.0,0.0,0.0,0.0,0.0,0.0,0.0,0.0,0.0,0.0,0.0
hsa-mir-2115,17440.0,11621.0,12524.0,61398.0,47599.0,66389.0,160.0,95.0,159.0,234.0,131.0,342.0
hsa-mir-2116,358.0,221.0,245.0,4.0,2.0,7.0,676.0,386.0,653.0,104.0,51.0,133.0
hsa-mir-212,2189.0,1167.0,1507.0,42.0,28.0,31.0,78.0,35.0,74.0,8011.0,3431.0,7730.0
hsa-mir-214,12729.0,8680.0,8793.0,40347.0,31439.0,43870.0,113.0,79.0,138.0,143.0,84.0,225.0
hsa-mir-215,2199.0,1360.0,1848.0,34.0,35.0,35.0,6470.0,3700.0,6721.0,48.0,25.0,51.0
hsa-mir-216a,43812.0,30475.0,31157.0,619.0,509.0,735.0,473.0,349.0,504.0,126428.0,70021.0,141563.0
hsa-mir-216b,12899.0,6773.0,8307.0,44901.0,28617.0,42184.0,744.0,449.0,819.0,257.0,165.0,360.0
hsa-mir-217,7811.0,5453.0,6678.0,26855.0,24970.0,35084.0,100.0,58.0,98.0,103.0,72.0,163.0
hsa-mir-218-1,33595.0,27579.0,26846.0,521.0,394.0,556.0,87563.0,56709.0,102240.0,477.0,286.0,544.0
hsa-mir-218-2,27305.0,19995.0,20535.0,409.0,343.0,468.0,331.0,253.0,324.0,75725.0,45411.0,85525.0
hsa-mir-219a-1,41143.0,21858.0,24279.0,122088.0,83464.0,109090.0,304.0,206.0,307.0,387.0,215.0,636.0
hsa-mir-219a-2,21400.0,14075.0,15352.0,247.0,205.0,279.0,60322.0,32960.0,58880.0,250.0,132.0,278.0
hsa-mir-22,29444.0,20267.0,20149.0,357.0,305.0,472.0,351.0,214.0,318.0,79169.0,42855.0,85435.0
hsa-mir-221,35587.0,24803.0,25242.0,121046.0,90577.0,131312.0,328.0,218.0,387.0,482.0,331.0,752.0
hsa-mir-222,339.0,230.0,262.0,7.0,5.0,6.0,881.0,439.0,808.0,4.0,5.0,4.0
hsa-mir-223,38957.0,28327.0,28909.0,653.0,474.0,685.0,532.0,357.0,526.0,135354.0,75897.0,149162.0
hsa-mir-224,6957.0,3127.0,6258.0,30212.0,22463.0,26414.0,89.0,52.0,98.0,125.0,62.0,165.0
hsa-mir-2277,16196.0,10120.0,11126.0,195.0,128.0,225.0,43259.0,23384.0,42609.0,217.0,132.0,217.0
hsa-mir-2278,129764.0,115806.0,111534.0,2055.0,1662.0,2347.0,337975.0,229391.0,423066.0,2082.0,1350.0,2426.0
hsa-mir-2355,14073.0,10012.0,10898.0,216.0,157.0,259.0,169.0,106.0,168.0,39111.0,21401.0,42578.0
hsa-mir-23a,31991.0,17548.0,20082.0,111119.0,74471.0,106210.0,360.0,242.0,389.0,571.0,350.0,814.0
hsa-mir-23b,31778.0,22633.0,23079.0,428.0,351.0,488.0,78519.0,45150.0,82433.0,415.0,230.0,433.0
hsa-mir-24-1,12765.0,7261.0,10561.0,156.0,152.0,217.0,153.0,115.0,132.0,39882.0,22642.0,43958.0
hsa-mir-24-2,95391.0,73259.0,70144.0,317592.0,246470.0,356343.0,800.0,474.0,840.0,1002.0,676.0,1563.0
hsa-mir-2467,19619.0,12552.0,14211.0,222.0,188.0,285.0,51102.0,27632.0,50407.0,256.0,182.0,274.0
hsa-mir-25,3127.0,1350.0,1987.0,36.0,30.0,38.0,26.0,10.0,33.0,10209.0,3429.0,9550.0
hsa-mir-2681,13565.0,8405.0,9370.0,46033.0,33430.0,48500.0,141.0,90.0,125.0,159.0,89.0,247.0
hsa-mir-26a-1,16368.0,11371.0,13017.0,215.0,191.0,278.0,216.0,121.0,198.0,63103.0,35623.0,68735.0
hsa-mir-26a-2,24801.0,15305.0,17109.0,81624.0,64476.0,88454.0,258.0,184.0,234.0,321.0,184.0,521.0
hsa-mir-26b,33613.0,17748.0,19177.0,377.0,299.0,374.0,86365.0,40464.0,65862.0,467.0,255.0,480.0
hsa-mir-27a,36267.0,23992.0,23592.0,1044.0,874.0,1168.0,432.0,274.0,379.0,107184.0,56589.0,112743.0
hsa-mir-27b,506.0,339.0,319.0,15.0,9.0,13.0,20.0,12.0,24.0,1063.0,599.0,1267.0
hsa-mir-28,321.0,140.0,205.0,825.0,650.0,795.0,6.0,1.0,3.0,4.0,3.0,4.0
hsa-mir-296,14472.0,7489.0,8376.0,173.0,126.0,177.0,141.0,83.0,136.0,42713.0,17693.0,34938.0
hsa-mir-299,19525.0,12194.0,12949.0,60506.0,47276.0,62851.0,171.0,120.0,165.0,178.0,122.0,319.0
hsa-mir-29a,306.0,104.0,172.0,3.0,3.0,2.0,702.0,193.0,504.0,17.0,4.0,10.0
hsa-mir-29b-1,17938.0,9459.0,12868.0,252.0,197.0,308.0,755.0,375.0,602.0,46616.0,20605.0,40881.0
hsa-mir-29b-2,22095.0,12486.0,15242.0,75378.0,55477.0,78571.0,254.0,134.0,248.0,285.0,176.0,455.0
hsa-mir-29c,10462.0,7287.0,8408.0,134.0,112.0,163.0,24441.0,14736.0,27603.0,138.0,80.0,163.0
hsa-mir-301a,40648.0,30141.0,32564.0,560.0,502.0,708.0,565.0,411.0,612.0,117100.0,69905.0,132564.0
hsa-mir-301b,26357.0,15089.0,17393.0,84895.0,60803.0,83096.0,462.0,269.0,386.0,316.0,142.0,479.0
hsa-mir-302a,4266.0,2081.0,3503.0,62.0,50.0,57.0,11491.0,5034.0,8910.0,62.0,26.0,78.0
hsa-mir-302b,18752.0,11158.0,14429.0,266.0,206.0,326.0,223.0,150.0,208.0,49138.0,22473.0,44047.0
hsa-mir-302c,21023.0,14792.0,15851.0,73028.0,60364.0,85564.0,211.0,137.0,230.0,262.0,170.0,429.0
hsa-mir-302d,17826.0,10015.0,12489.0,216.0,189.0,237.0,45047.0,23086.0,39704.0,239.0,145.0,250.0
hsa-mir-30a,18268.0,13159.0,14750.0,256.0,264.0,362.0,249.0,180.0,252.0,57545.0,32870.0,68208.0
hsa-mir-30b,3132.0,2699.0,2750.0,12560.0,12340.0,17158.0,38.0,23.0,51.0,58.0,21.0,83.0
hsa-mir-30c-1,12304.0,9282.0,11163.0,177.0,159.0,218.0,33552.0,18961.0,36357.0,175.0,112.0,200.0
hsa-mir-30c-2,11491.0,8329.0,8971.0,127.0,128.0,189.0,136.0,88.0,152.0,31467.0,17132.0,35926.0
hsa-mir-30d,3639.0,2130.0,2639.0,12608.0,10437.0,13138.0,36.0,38.0,45.0,51.0,31.0,75.0
hsa-mir-30e,18692.0,13606.0,13517.0,253.0,181.0,224.0,45988.0,27209.0,48836.0,261.0,171.0,263.0
hsa-mir-31,24845.0,19311.0,19606.0,354.0,288.0,477.0,319.0,230.0,308.0,74626.0,46606.0,92898.0
hsa-mir-3121,264.0,158.0,289.0,950.0,719.0,1221.0,6.0,4.0,2.0,2.0,6.0,2.0
hsa-mir-3126,55943.0,35671.0,39493.0,780.0,628.0,850.0,145160.0,78107.0,138343.0,3526.0,1815.0,3572.0
hsa-mir-3127,42429.0,30724.0,30455.0,532.0,502.0,689.0,499.0,331.0,514.0,123827.0,70398.0,137521.0
hsa-mir-3140,1230.0,694.0,1008.0,4674.0,4596.0,5290.0,30.0,10.0,13.0,32.0,22.0,35.0
hsa-mir-3144,9491.0,3914.0,6119.0,138.0,95.0,132.0,27300.0,11312.0,18050.0,145.0,64.0,143.0
hsa-mir-3145,2299.0,893.0,1553.0,33.0,17.0,40.0,18.0,27.0,24.0,7783.0,1637.0,3505.0
hsa-mir-3146,1149.0,383.0,467.0,3569.0,1984.0,2153.0,8.0,8.0,13.0,13.0,4.0,15.0
hsa-mir-3150b,708.0,218.0,330.0,2123.0,1138.0,1690.0,12.0,6.0,13.0,15.0,7.0,16.0
hsa-mir-3163,14200.0,4227.0,6478.0,422.0,261.0,320.0,33875.0,10546.0,19016.0,198.0,79.0,156.0
hsa-mir-3164,31947.0,17948.0,17850.0,384.0,301.0,446.0,338.0,201.0,293.0,101789.0,44863.0,87518.0
hsa-mir-3171,214.0,15.0,54.0,587.0,160.0,172.0,5.0,3.0,3.0,8.0,0.0,8.0
hsa-mir-3173,30035.0,19981.0,21116.0,323.0,228.0,322.0,58263.0,32897.0,58809.0,283.0,201.0,325.0
hsa-mir-3174,41478.0,29175.0,30726.0,546.0,501.0,672.0,103561.0,60891.0,110506.0,532.0,328.0,613.0
hsa-mir-3179-1,0.0,0.0,0.0,0.0,0.0,0.0,0.0,0.0,0.0,0.0,0.0,0.0
hsa-mir-3179-2,0.0,0.0,0.0,0.0,0.0,0.0,0.0,0.0,0.0,0.0,0.0,0.0
hsa-mir-3179-3,0.0,0.0,0.0,0.0,0.0,0.0,0.0,0.0,0.0,0.0,0.0,0.0
hsa-mir-3179-4,0.0,0.0,0.0,0.0,0.0,0.0,0.0,0.0,0.0,0.0,0.0,0.0
hsa-mir-3180-1,0.0,0.0,0.0,0.0,0.0,0.0,0.0,0.0,0.0,0.0,0.0,0.0
hsa-mir-3180-2,0.0,0.0,0.0,0.0,0.0,0.0,0.0,0.0,0.0,0.0,0.0,0.0
hsa-mir-3180-3,8853.0,2551.0,3189.0,251.0,142.0,191.0,29645.0,8146.0,7941.0,114.0,74.0,111.0
hsa-mir-3186,9562.0,5937.0,6264.0,31095.0,23668.0,33539.0,84.0,50.0,90.0,87.0,71.0,165.0
hsa-mir-3187,1183.0,627.0,714.0,14.0,16.0,15.0,3216.0,1582.0,2225.0,14.0,12.0,9.0
hsa-mir-3194,50297.0,34658.0,32601.0,624.0,575.0,826.0,586.0,398.0,593.0,165735.0,90638.0,174015.0
hsa-mir-32,15019.0,11295.0,11603.0,50450.0,38685.0,58848.0,182.0,87.0,179.0,199.0,119.0,298.0
hsa-mir-3200,19505.0,12800.0,11952.0,230.0,199.0,263.0,46266.0,24619.0,41330.0,224.0,158.0,245.0
hsa-mir-323a,7198.0,4200.0,5742.0,117.0,96.0,149.0,90.0,43.0,100.0,23543.0,10757.0,25635.0
hsa-mir-323b,24790.0,18301.0,18870.0,79903.0,65524.0,94792.0,265.0,208.0,329.0,359.0,207.0,472.0
hsa-mir-324,60067.0,44624.0,49912.0,943.0,667.0,1036.0,155106.0,93089.0,168300.0,891.0,539.0,1015.0
hsa-mir-325,40902.0,26738.0,28977.0,138983.0,108317.0,151891.0,445.0,273.0,432.0,615.0,314.0,859.0
hsa-mir-326,35398.0,20021.0,22841.0,351.0,283.0,383.0,88588.0,43932.0,60035.0,384.0,221.0,395.0
hsa-mir-328,9356.0,6413.0,6447.0,108.0,103.0,169.0,95.0,69.0,86.0,28828.0,15479.0,30282.0
hsa-mir-329-1,11673.0,6230.0,8733.0,44386.0,31131.0,48052.0,294.0,192.0,330.0,192.0,129.0,304.0
hsa-mir-329-2,5157.0,2617.0,3512.0,98.0,79.0,121.0,13211.0,6198.0,10789.0,98.0,37.0,84.0
hsa-mir-330,3467.0,2580.0,2558.0,62.0,54.0,65.0,33.0,34.0,32.0,10677.0,6059.0,11934.0
hsa-mir-331,13212.0,6893.0,7854.0,41496.0,28312.0,37375.0,861.0,408.0,679.0,130.0,95.0,233.0
hsa-mir-335,629.0,254.0,418.0,31.0,19.0,34.0,1557.0,726.0,1076.0,14.0,3.0,12.0
hsa-mir-337,10069.0,6114.0,6647.0,17534.0,13125.0,18059.0,89.0,56.0,95.0,14192.0,7002.0,14649.0
hsa-mir-338,23839.0,14356.0,14809.0,74168.0,52267.0,71008.0,497.0,256.0,387.0,235.0,139.0,382.0
hsa-mir-339,19230.0,12055.0,11517.0,264.0,200.0,266.0,58389.0,30868.0,53013.0,260.0,159.0,268.0
hsa-mir-33a,26747.0,19840.0,18930.0,2583.0,2067.0,2922.0,341.0,218.0,334.0,87930.0,51113.0,101179.0
hsa-mir-33b,4001.0,1420.0,1485.0,13441.0,5491.0,7378.0,38.0,22.0,39.0,46.0,26.0,87.0
hsa-mir-340,101781.0,77281.0,86040.0,1554.0,1252.0,1837.0,236705.0,148491.0,267484.0,1541.0,973.0,1668.0
hsa-mir-342,22395.0,18836.0,18995.0,305.0,299.0,447.0,310.0,190.0,302.0,66336.0,44571.0,90092.0
hsa-mir-345,10938.0,7552.0,8029.0,36177.0,30150.0,41223.0,152.0,72.0,124.0,116.0,78.0,219.0
hsa-mir-346,79472.0,52024.0,53216.0,1325.0,1135.0,1661.0,1385.0,992.0,1473.0,270243.0,137815.0,267570.0
hsa-mir-34a,25393.0,21418.0,22665.0,382.0,303.0,403.0,62129.0,41502.0,77752.0,409.0,245.0,448.0
hsa-mir-34b,0.0,0.0,0.0,0.0,0.0,0.0,0.0,0.0,0.0,0.0,0.0,0.0
hsa-mir-34c,15829.0,8835.0,11358.0,519.0,385.0,575.0,206.0,131.0,220.0,48655.0,21914.0,44581.0
hsa-mir-3605,14716.0,10217.0,10894.0,199.0,157.0,235.0,36904.0,21270.0,42056.0,177.0,110.0,229.0
hsa-mir-361,2488.0,271.0,823.0,54.0,38.0,52.0,41.0,26.0,42.0,9917.0,840.0,1805.0
hsa-mir-3611,3293.0,647.0,1704.0,9070.0,4105.0,4988.0,38.0,27.0,36.0,46.0,28.0,72.0
hsa-mir-3612,48137.0,31778.0,32628.0,583.0,494.0,656.0,99915.0,56445.0,101253.0,585.0,344.0,663.0
hsa-mir-3613,3.0,0.0,3.0,4.0,1.0,7.0,6.0,0.0,3.0,5.0,1.0,2.0
hsa-mir-3614,7252.0,3923.0,5154.0,23444.0,19596.0,20018.0,60.0,50.0,75.0,77.0,46.0,128.0
hsa-mir-3617,11157.0,6524.0,7659.0,131.0,115.0,147.0,25825.0,12961.0,23734.0,144.0,87.0,163.0
hsa-mir-3619,4793.0,3756.0,3684.0,63.0,67.0,83.0,1472.0,891.0,1666.0,15513.0,9277.0,19225.0
hsa-mir-362,15011.0,9807.0,10101.0,48336.0,35634.0,50109.0,1131.0,663.0,1164.0,177.0,110.0,261.0
hsa-mir-3622a,1.0,0.0,1.0,1.0,0.0,0.0,0.0,0.0,0.0,1.0,0.0,1.0
hsa-mir-363,58811.0,37427.0,43272.0,896.0,695.0,977.0,166469.0,92530.0,161345.0,868.0,500.0,908.0
hsa-mir-365a,15294.0,8003.0,10277.0,163.0,148.0,230.0,145.0,105.0,161.0,41264.0,18030.0,34352.0
hsa-mir-365b,14111.0,7805.0,9351.0,47774.0,33766.0,47770.0,170.0,81.0,158.0,182.0,98.0,279.0
hsa-mir-367,4538.0,2834.0,3460.0,87.0,72.0,128.0,12215.0,6862.0,12102.0,68.0,49.0,53.0
hsa-mir-3681,27091.0,18369.0,18413.0,367.0,355.0,468.0,406.0,254.0,341.0,82014.0,44733.0,87414.0
hsa-mir-369,12600.0,9539.0,10158.0,43917.0,36641.0,55304.0,145.0,100.0,142.0,178.0,96.0,268.0
hsa-mir-3690-1,73063.0,52241.0,51500.0,239650.0,193428.0,262968.0,759.0,454.0,759.0,929.0,544.0,1314.0
hsa-mir-370,30460.0,23342.0,22782.0,1534.0,1214.0,1792.0,84258.0,51188.0,98026.0,569.0,411.0,726.0
hsa-mir-371a,24696.0,15287.0,17284.0,286.0,231.0,358.0,257.0,178.0,240.0,72388.0,37501.0,74973.0
hsa-mir-372,38176.0,31567.0,29892.0,124010.0,106977.0,153325.0,329.0,206.0,346.0,410.0,251.0,645.0
hsa-mir-373,17250.0,7456.0,9768.0,220.0,140.0,250.0,40831.0,16425.0,28884.0,181.0,110.0,216.0
hsa-mir-374a,11857.0,4119.0,6968.0,175.0,124.0,185.0,152.0,99.0,106.0,43845.0,12566.0,24090.0
hsa-mir-374b,1251.0,403.0,702.0,3346.0,2098.0,2646.0,20.0,10.0,13.0,14.0,7.0,22.0
hsa-mir-375,55025.0,21565.0,24174.0,766.0,628.0,854.0,175142.0,58520.0,91585.0,828.0,438.0,814.0
hsa-mir-376a-1,6273.0,2404.0,3622.0,87.0,57.0,86.0,61.0,40.0,63.0,18283.0,5341.0,10205.0
hsa-mir-376a-2,9916.0,4144.0,5078.0,52528.0,31883.0,38806.0,113.0,84.0,128.0,162.0,108.0,252.0
hsa-mir-376b,4415.0,2337.0,3362.0,77.0,63.0,82.0,15394.0,7649.0,13508.0,66.0,43.0,79.0
hsa-mir-376c,5511.0,2688.0,3587.0,227.0,166.0,207.0,61.0,46.0,77.0,16175.0,6091.0,11246.0
hsa-mir-377,20444.0,11767.0,14378.0,66580.0,46901.0,71037.0,256.0,154.0,276.0,262.0,174.0,437.0
hsa-mir-378a,17463.0,7468.0,7678.0,182.0,125.0,199.0,43222.0,16769.0,27220.0,193.0,110.0,174.0
hsa-mir-379,12337.0,9176.0,7770.0,183.0,147.0,223.0,152.0,92.0,137.0,31433.0,18492.0,41376.0
hsa-mir-380,14337.0,10691.0,10820.0,48765.0,39935.0,58558.0,141.0,86.0,156.0,165.0,122.0,264.0
hsa-mir-381,35048.0,21432.0,24144.0,464.0,369.0,535.0,87239.0,46541.0,81699.0,478.0,289.0,539.0
hsa-mir-382,62100.0,39872.0,42678.0,795.0,669.0,1027.0,73496.0,39879.0,70435.0,75712.0,37472.0,74504.0
hsa-mir-383,13987.0,10200.0,10713.0,47831.0,37395.0,59283.0,177.0,115.0,136.0,184.0,102.0,299.0
hsa-mir-3909,19824.0,14552.0,14458.0,267.0,223.0,385.0,362.0,241.0,365.0,58724.0,32510.0,65386.0
hsa-mir-3918,58421.0,43495.0,43910.0,192389.0,158395.0,230848.0,545.0,384.0,612.0,701.0,396.0,1139.0
hsa-mir-3924,743.0,104.0,255.0,14.0,7.0,12.0,3513.0,438.0,717.0,7.0,9.0,11.0
hsa-mir-3940,21356.0,11841.0,14452.0,287.0,213.0,296.0,49355.0,24761.0,43631.0,253.0,161.0,277.0
hsa-mir-3942,35222.0,25515.0,26472.0,477.0,436.0,595.0,380.0,265.0,417.0,109655.0,61360.0,111213.0
hsa-mir-3944,16705.0,7063.0,9289.0,51918.0,32991.0,44233.0,224.0,126.0,175.0,1182.0,452.0,1000.0
hsa-mir-410,36327.0,23273.0,26157.0,394.0,305.0,440.0,92217.0,50702.0,92348.0,412.0,279.0,455.0
hsa-mir-411,24162.0,17151.0,17873.0,347.0,285.0,441.0,272.0,186.0,287.0,76728.0,42248.0,87835.0
hsa-mir-412,7389.0,5048.0,5482.0,23709.0,16969.0,28519.0,169.0,106.0,188.0,79.0,52.0,141.0
hsa-mir-421,26819.0,19854.0,20978.0,365.0,328.0,462.0,311.0,195.0,352.0,76240.0,41818.0,86111.0
hsa-mir-423,12162.0,3832.0,6066.0,159.0,115.0,125.0,28673.0,9074.0,16519.0,128.0,79.0,126.0
hsa-mir-424,25511.0,13287.0,14354.0,281.0,236.0,339.0,327.0,200.0,307.0,67777.0,27988.0,53062.0
hsa-mir-425,24100.0,17843.0,17405.0,75958.0,66706.0,98863.0,239.0,162.0,256.0,267.0,174.0,437.0
hsa-mir-429,84196.0,62710.0,66339.0,1242.0,1041.0,1429.0,227434.0,134289.0,258495.0,1300.0,822.0,1437.0
hsa-mir-431,35022.0,30465.0,19932.0,421.0,377.0,483.0,100080.0,63055.0,113152.0,469.0,275.0,503.0
hsa-mir-432,18971.0,12059.0,16361.0,276.0,233.0,374.0,336.0,215.0,368.0,67780.0,34004.0,69596.0
hsa-mir-433,12427.0,7871.0,12356.0,47342.0,44453.0,64581.0,135.0,111.0,145.0,202.0,119.0,292.0
hsa-mir-4424,1336.0,544.0,914.0,18.0,16.0,27.0,20.0,8.0,18.0,5139.0,1577.0,3638.0
hsa-mir-4428,36501.0,26734.0,27382.0,119700.0,96840.0,141047.0,340.0,251.0,389.0,511.0,366.0,853.0
hsa-mir-448,107262.0,64037.0,67544.0,292024.0,201885.0,281810.0,40668.0,20705.0,35702.0,1143.0,648.0,1691.0
hsa-mir-449a,21338.0,17404.0,17725.0,363.0,307.0,388.0,62930.0,40032.0,73395.0,392.0,204.0,406.0
hsa-mir-449b,30099.0,18292.0,18227.0,381.0,293.0,377.0,78193.0,39338.0,67110.0,373.0,229.0,417.0
hsa-mir-449c,10906.0,7274.0,8356.0,143.0,133.0,197.0,121.0,102.0,133.0,31322.0,17109.0,34736.0
hsa-mir-450a-1,381.0,205.0,363.0,9.0,3.0,1.0,12.0,3.0,8.0,867.0,343.0,649.0
hsa-mir-450a-2,8974.0,5882.0,9790.0,25965.0,25625.0,39704.0,3925.0,2191.0,3791.0,160.0,96.0,223.0
hsa-mir-450b,3884.0,1921.0,2662.0,63.0,59.0,59.0,12553.0,5134.0,7880.0,156.0,56.0,110.0
hsa-mir-452,37066.0,20131.0,22871.0,432.0,382.0,539.0,363.0,214.0,346.0,110049.0,46938.0,92971.0
hsa-mir-4524a,14575.0,10126.0,10908.0,46668.0,40272.0,54927.0,170.0,92.0,159.0,171.0,118.0,304.0
hsa-mir-454,27037.0,14007.0,19575.0,5847.0,5217.0,6653.0,62116.0,31346.0,53058.0,371.0,245.0,486.0
hsa-mir-455,22920.0,17391.0,17754.0,332.0,264.0,449.0,323.0,242.0,374.0,78816.0,45901.0,92587.0
hsa-mir-4637,2608.0,522.0,1306.0,8116.0,4331.0,4513.0,32.0,19.0,26.0,38.0,17.0,59.0
hsa-mir-4640,11686.0,7890.0,8085.0,36223.0,30170.0,40260.0,99.0,62.0,106.0,281.0,165.0,333.0
hsa-mir-4661,10137.0,3814.0,5133.0,117.0,78.0,124.0,30046.0,10952.0,18702.0,123.0,80.0,147.0
hsa-mir-4662a,575.0,211.0,267.0,4.0,6.0,2.0,4.0,4.0,7.0,1691.0,504.0,952.0
hsa-mir-4664,13622.0,7538.0,7239.0,45534.0,30329.0,38175.0,131.0,98.0,118.0,166.0,97.0,233.0
hsa-mir-4677,2691.0,1847.0,1989.0,36.0,23.0,39.0,6938.0,3734.0,6894.0,44.0,28.0,34.0
hsa-mir-4731,87.0,50.0,54.0,279.0,199.0,240.0,0.0,0.0,0.0,54.0,21.0,31.0
hsa-mir-4739,11024.0,6398.0,6787.0,139.0,111.0,166.0,119.0,92.0,133.0,29928.0,13508.0,27137.0
hsa-mir-4761,20457.0,14934.0,15240.0,284.0,235.0,342.0,226.0,177.0,241.0,64741.0,36067.0,71992.0
hsa-mir-4766,11239.0,5960.0,7789.0,37681.0,30664.0,38202.0,114.0,87.0,148.0,129.0,98.0,218.0
hsa-mir-483,828.0,496.0,543.0,19.0,13.0,13.0,10.0,7.0,8.0,2003.0,1051.0,1965.0
hsa-mir-485,14803.0,9493.0,10864.0,48015.0,37119.0,53931.0,850.0,472.0,819.0,441.0,252.0,549.0
hsa-mir-486-1,2393.0,689.0,1377.0,79.0,59.0,87.0,18429.0,2078.0,4026.0,84.0,43.0,88.0
hsa-mir-487a,21565.0,14741.0,15925.0,302.0,278.0,378.0,259.0,194.0,269.0,61129.0,34213.0,67450.0
hsa-mir-487b,4487.0,3511.0,4477.0,17058.0,15233.0,22370.0,54.0,38.0,66.0,50.0,36.0,104.0
hsa-mir-488,14708.0,5194.0,7545.0,148.0,139.0,145.0,32036.0,11592.0,19681.0,201.0,93.0,195.0
hsa-mir-489,8519.0,7367.0,7139.0,301.0,274.0,302.0,169.0,135.0,234.0,29824.0,19325.0,39763.0
hsa-mir-490,12836.0,10209.0,10866.0,42436.0,32644.0,50399.0,127.0,107.0,139.0,171.0,95.0,250.0
hsa-mir-491,14340.0,7842.0,9133.0,183.0,118.0,202.0,35126.0,17131.0,30422.0,174.0,119.0,207.0
hsa-mir-493,10195.0,7563.0,10354.0,135.0,124.0,193.0,142.0,114.0,121.0,33805.0,19994.0,38291.0
hsa-mir-494,10442.0,4546.0,5090.0,38883.0,24119.0,28209.0,91.0,80.0,97.0,99.0,65.0,186.0
hsa-mir-495,27226.0,17046.0,18405.0,25777.0,20042.0,29031.0,38361.0,20371.0,35345.0,322.0,182.0,369.0
hsa-mir-496,794.0,535.0,556.0,2666.0,1867.0,2705.0,7.0,5.0,9.0,16.0,15.0,29.0
hsa-mir-497,27982.0,19842.0,20137.0,418.0,340.0,546.0,385.0,244.0,394.0,95220.0,52275.0,105805.0
hsa-mir-498,31383.0,13915.0,19705.0,446.0,333.0,451.0,72830.0,30574.0,51650.0,419.0,240.0,447.0
hsa-mir-499a,4.0,1.0,2.0,1.0,6.0,0.0,0.0,1.0,1.0,0.0,0.0,0.0
hsa-mir-5000,901.0,406.0,530.0,2596.0,1621.0,2281.0,226.0,97.0,183.0,26.0,5.0,25.0
hsa-mir-5009,1615.0,487.0,829.0,19.0,15.0,27.0,3745.0,1259.0,2056.0,17.0,13.0,23.0
hsa-mir-500a,12.0,7.0,9.0,5.0,6.0,11.0,10.0,12.0,7.0,8.0,3.0,5.0
hsa-mir-500b,1880.0,1101.0,1168.0,32.0,25.0,34.0,145.0,64.0,115.0,4784.0,2292.0,4484.0
hsa-mir-501,49734.0,30124.0,33460.0,165519.0,124883.0,172632.0,446.0,276.0,469.0,548.0,308.0,838.0
hsa-mir-5010,61955.0,35453.0,35178.0,690.0,563.0,819.0,152690.0,74278.0,124770.0,757.0,434.0,725.0
hsa-mir-502,26940.0,20229.0,20170.0,857.0,744.0,1068.0,319.0,221.0,317.0,80168.0,48969.0,91349.0
hsa-mir-503,77446.0,51802.0,56997.0,249135.0,183935.0,280637.0,695.0,407.0,748.0,864.0,508.0,1358.0
hsa-mir-504,26753.0,18805.0,19652.0,353.0,323.0,409.0,71333.0,40347.0,69331.0,353.0,193.0,396.0
hsa-mir-505,46384.0,28130.0,33165.0,619.0,486.0,788.0,535.0,331.0,526.0,129491.0,64818.0,128221.0
hsa-mir-506,126.0,87.0,86.0,427.0,332.0,450.0,3.0,3.0,0.0,8.0,4.0,7.0
hsa-mir-507,40826.0,24084.0,27132.0,538.0,451.0,680.0,399.0,307.0,486.0,117753.0,58035.0,112202.0
hsa-mir-508,74929.0,51958.0,52607.0,906.0,691.0,989.0,165938.0,91811.0,172540.0,884.0,597.0,967.0
hsa-mir-509-1,86003.0,64709.0,63298.0,3510.0,2794.0,4672.0,1078.0,782.0,1150.0,300406.0,170265.0,339579.0
hsa-mir-509-2,22693.0,17564.0,16639.0,78410.0,61172.0,90810.0,239.0,145.0,257.0,941.0,514.0,1225.0
hsa-mir-509-3,11301.0,8838.0,8562.0,347.0,197.0,620.0,34230.0,20570.0,37064.0,318.0,117.0,624.0
hsa-mir-5094,771.0,564.0,694.0,13.0,14.0,24.0,991.0,632.0,1128.0,20.0,13.0,20.0
hsa-mir-510,8247.0,6774.0,6865.0,154.0,118.0,188.0,122.0,84.0,126.0,29717.0,18423.0,37010.0
hsa-mir-511,17975.0,9254.0,12078.0,59113.0,44780.0,59680.0,157.0,102.0,183.0,210.0,132.0,371.0
hsa-mir-512-1,14339.0,10800.0,11138.0,195.0,170.0,216.0,33709.0,20963.0,38594.0,196.0,116.0,191.0
hsa-mir-512-2,107.0,34.0,63.0,1.0,7.0,8.0,237.0,88.0,146.0,8.0,4.0,6.0
hsa-mir-513a-1,1203.0,594.0,782.0,68.0,48.0,127.0,15.0,16.0,11.0,3494.0,1127.0,3304.0
hsa-mir-513a-2,1662.0,788.0,1074.0,5832.0,3062.0,6124.0,20.0,10.0,31.0,101.0,39.0,171.0
hsa-mir-513b,760.0,283.0,496.0,29.0,24.0,35.0,1924.0,527.0,1427.0,6.0,4.0,9.0
hsa-mir-513c,417.0,176.0,248.0,70.0,34.0,119.0,7.0,6.0,5.0,928.0,353.0,931.0
hsa-mir-514a-1,19106.0,13795.0,13444.0,62237.0,49336.0,71651.0,216.0,119.0,219.0,246.0,138.0,355.0
hsa-mir-514a-2,0.0,0.0,0.0,0.0,0.0,0.0,0.0,0.0,0.0,0.0,0.0,0.0
hsa-mir-514a-3,0.0,0.0,0.0,0.0,0.0,0.0,0.0,0.0,0.0,0.0,0.0,0.0
hsa-mir-514b,86630.0,64465.0,65025.0,287014.0,243419.0,341588.0,922.0,514.0,871.0,1028.0,687.0,1591.0
hsa-mir-515-1,31962.0,19333.0,21804.0,4448.0,3494.0,4807.0,61947.0,32698.0,57331.0,436.0,229.0,437.0
hsa-mir-515-2,20789.0,12925.0,14638.0,838.0,612.0,933.0,1325.0,742.0,1305.0,47485.0,24159.0,47594.0
hsa-mir-516a-1,16012.0,10604.0,11249.0,52122.0,39680.0,58252.0,211.0,135.0,211.0,153.0,114.0,293.0
hsa-mir-516a-2,34261.0,23163.0,24334.0,374.0,275.0,397.0,66230.0,37911.0,67292.0,329.0,212.0,385.0
hsa-mir-516b-1,24429.0,11251.0,15012.0,251.0,215.0,285.0,219.0,154.0,199.0,57365.0,21763.0,43862.0
hsa-mir-516b-2,10114.0,6633.0,7678.0,33904.0,26611.0,38305.0,113.0,71.0,113.0,124.0,87.0,201.0
hsa-mir-517a,12.0,7.0,6.0,5.0,0.0,1.0,1.0,2.0,5.0,54.0,25.0,52.0
hsa-mir-517b,18544.0,14634.0,14880.0,226.0,198.0,273.0,42890.0,26644.0,49004.0,243.0,140.0,270.0
hsa-mir-517c,17291.0,13242.0,13547.0,269.0,211.0,326.0,200.0,176.0,232.0,47539.0,27936.0,56518.0
hsa-mir-518a-1,16163.0,10852.0,11985.0,51097.0,46078.0,58502.0,441.0,274.0,434.0,187.0,134.0,288.0
hsa-mir-518a-2,5652.0,3279.0,4222.0,190.0,187.0,264.0,13061.0,6274.0,12302.0,50.0,33.0,67.0
hsa-mir-518b,17687.0,8774.0,11953.0,57649.0,37875.0,56677.0,197.0,81.0,204.0,210.0,129.0,335.0
hsa-mir-518c,16171.0,8135.0,10244.0,199.0,163.0,244.0,160.0,98.0,160.0,43027.0,17103.0,34405.0
hsa-mir-518d,8838.0,5117.0,4886.0,26734.0,16625.0,24910.0,60.0,38.0,91.0,99.0,61.0,142.0
hsa-mir-518e,28182.0,14586.0,17975.0,303.0,193.0,297.0,60509.0,27561.0,49914.0,265.0,168.0,281.0
hsa-mir-518f,317.0,132.0,190.0,11.0,4.0,9.0,217.0,123.0,210.0,383.0,147.0,302.0
hsa-mir-5194,40506.0,24716.0,28367.0,486.0,403.0,563.0,80444.0,42737.0,75613.0,513.0,291.0,494.0
hsa-mir-519a-1,68922.0,46516.0,51594.0,218535.0,179914.0,248571.0,732.0,481.0,768.0,791.0,550.0,1266.0
hsa-mir-519a-2,22416.0,15408.0,16963.0,360.0,348.0,500.0,238.0,157.0,270.0,53199.0,30001.0,59111.0
hsa-mir-519b,5480.0,3257.0,3778.0,69.0,63.0,87.0,11221.0,5845.0,10560.0,77.0,36.0,74.0
hsa-mir-519c,24249.0,13899.0,16406.0,307.0,233.0,349.0,1658.0,842.0,1373.0,57304.0,26448.0,52518.0
hsa-mir-519d,10796.0,6417.0,7847.0,34548.0,26982.0,37840.0,128.0,83.0,138.0,162.0,74.0,210.0
hsa-mir-519e,41410.0,20753.0,25866.0,471.0,358.0,478.0,82991.0,38860.0,65321.0,480.0,251.0,473.0
hsa-mir-520a,3697.0,1998.0,2560.0,53.0,35.0,69.0,37.0,31.0,36.0,9883.0,4133.0,8823.0
hsa-mir-520b,19481.0,12472.0,14933.0,61779.0,48579.0,70030.0,1053.0,571.0,977.0,1000.0,532.0,1158.0
hsa-mir-520c,30831.0,20589.0,23862.0,95908.0,75093.0,109883.0,259.0,188.0,277.0,318.0,200.0,520.0
hsa-mir-520d,2875.0,1748.0,2271.0,40.0,37.0,41.0,6053.0,3174.0,5555.0,41.0,18.0,40.0
hsa-mir-520e,21071.0,13697.0,15407.0,253.0,199.0,305.0,45764.0,25967.0,46671.0,312.0,203.0,314.0
hsa-mir-520f,8687.0,5509.0,6567.0,110.0,103.0,165.0,88.0,60.0,95.0,21442.0,10324.0,19979.0
hsa-mir-520g,645.0,414.0,522.0,2101.0,1680.0,2450.0,13.0,4.0,9.0,17.0,14.0,24.0
hsa-mir-520h,246.0,108.0,154.0,15.0,16.0,9.0,17.0,16.0,19.0,487.0,206.0,429.0
hsa-mir-521-1,13735.0,8301.0,11251.0,46772.0,31730.0,55362.0,154.0,90.0,145.0,166.0,101.0,281.0
hsa-mir-521-2,2984.0,1385.0,2114.0,47.0,38.0,43.0,6606.0,2998.0,5542.0,44.0,23.0,41.0
hsa-mir-522,588.0,333.0,396.0,26.0,32.0,24.0,826.0,443.0,797.0,345.0,145.0,363.0
hsa-mir-523,7224.0,4020.0,4755.0,89.0,62.0,93.0,1403.0,684.0,1226.0,17620.0,7572.0,14493.0
hsa-mir-524,13275.0,7943.0,8889.0,43994.0,31657.0,45034.0,115.0,71.0,129.0,136.0,101.0,248.0
hsa-mir-525,18365.0,10992.0,13653.0,233.0,204.0,277.0,38237.0,20567.0,36213.0,265.0,145.0,253.0
hsa-mir-526a-1,9970.0,5202.0,6712.0,110.0,115.0,161.0,95.0,75.0,114.0,24974.0,9837.0,19111.0
hsa-mir-526a-2,26720.0,14048.0,16312.0,59473.0,42308.0,59154.0,16485.0,7870.0,14705.0,286.0,178.0,424.0
hsa-mir-526b,661.0,554.0,518.0,8.0,13.0,12.0,63.0,27.0,37.0,1465.0,916.0,1810.0
hsa-mir-527,3910.0,2324.0,3058.0,50.0,36.0,51.0,8230.0,4363.0,7852.0,34.0,35.0,44.0
hsa-mir-532,5984.0,3702.0,4345.0,19291.0,13017.0,22263.0,55.0,38.0,58.0,69.0,36.0,123.0
hsa-mir-539,48281.0,13754.0,17577.0,410.0,307.0,437.0,105976.0,31541.0,47555.0,431.0,219.0,368.0
hsa-mir-541,3966.0,3425.0,3305.0,64.0,54.0,67.0,44.0,26.0,66.0,10811.0,7359.0,14573.0
hsa-mir-542,47967.0,38824.0,40555.0,163287.0,135546.0,218356.0,539.0,324.0,535.0,617.0,407.0,980.0
hsa-mir-543,51230.0,32898.0,36332.0,664.0,486.0,853.0,497.0,341.0,542.0,141696.0,70606.0,141227.0
hsa-mir-544a,17794.0,9003.0,11334.0,59520.0,43582.0,56957.0,216.0,109.0,209.0,243.0,141.0,323.0
hsa-mir-545,69261.0,44392.0,46094.0,820.0,686.0,966.0,163456.0,85672.0,140585.0,841.0,530.0,905.0
hsa-mir-551a,47.0,17.0,29.0,1.0,1.0,4.0,101.0,51.0,120.0,2.0,1.0,2.0
hsa-mir-551b,24841.0,19920.0,20054.0,367.0,328.0,469.0,305.0,220.0,269.0,72121.0,46269.0,94271.0
hsa-mir-552,2667.0,1022.0,1083.0,7862.0,4467.0,5614.0,17.0,12.0,16.0,23.0,19.0,34.0
hsa-mir-556,169.0,63.0,125.0,4.0,2.0,2.0,645.0,169.0,383.0,2.0,3.0,1.0
hsa-mir-5579,10390.0,6421.0,6866.0,161.0,116.0,174.0,109.0,81.0,123.0,31825.0,16248.0,31393.0
hsa-mir-5581,7182.0,2020.0,2405.0,23420.0,11465.0,12261.0,62.0,25.0,51.0,76.0,40.0,134.0
hsa-mir-5586,5375.0,1826.0,2806.0,64.0,48.0,50.0,13712.0,4897.0,8619.0,70.0,22.0,52.0
hsa-mir-561,482.0,201.0,269.0,8.0,2.0,11.0,4.0,2.0,2.0,1429.0,407.0,872.0
hsa-mir-5687,42366.0,21381.0,26130.0,519.0,429.0,681.0,417.0,288.0,445.0,112090.0,47871.0,91279.0
hsa-mir-5691,60949.0,47566.0,47369.0,189581.0,164312.0,234298.0,606.0,359.0,577.0,717.0,469.0,1134.0
hsa-mir-574,6.0,6.0,6.0,3.0,2.0,1.0,1.0,0.0,0.0,63.0,11.0,41.0
hsa-mir-576,21351.0,11102.0,13481.0,69566.0,53787.0,67060.0,197.0,111.0,213.0,302.0,182.0,452.0
hsa-mir-577,3189.0,1553.0,2532.0,48.0,23.0,46.0,7277.0,3354.0,7577.0,45.0,27.0,53.0
hsa-mir-579,560.0,256.0,400.0,8.0,4.0,11.0,1633.0,748.0,1344.0,26.0,6.0,17.0
hsa-mir-580,794.0,174.0,409.0,11.0,15.0,16.0,11.0,7.0,11.0,2762.0,517.0,953.0
hsa-mir-582,1853.0,831.0,1131.0,5955.0,3602.0,5250.0,18.0,7.0,18.0,27.0,12.0,33.0
hsa-mir-584,26854.0,17292.0,16800.0,2620.0,1879.0,2545.0,65771.0,35298.0,59025.0,312.0,211.0,350.0
hsa-mir-585,4121.0,1284.0,2202.0,85.0,45.0,84.0,85.0,55.0,82.0,16907.0,3888.0,8775.0
hsa-mir-588,15246.0,6687.0,9160.0,681.0,427.0,710.0,173.0,114.0,157.0,52193.0,18081.0,37622.0
hsa-mir-589,26643.0,16482.0,17159.0,87317.0,64230.0,88601.0,257.0,164.0,312.0,307.0,176.0,519.0
hsa-mir-590,15253.0,7594.0,9467.0,190.0,163.0,235.0,38540.0,17482.0,27906.0,194.0,96.0,182.0
hsa-mir-599,28603.0,20447.0,20960.0,99636.0,80083.0,112416.0,286.0,159.0,281.0,330.0,241.0,586.0
hsa-mir-605,11893.0,5684.0,7009.0,120.0,116.0,170.0,114.0,67.0,128.0,36094.0,13930.0,26596.0
hsa-mir-615,0.0,0.0,0.0,0.0,0.0,0.0,0.0,0.0,0.0,0.0,0.0,0.0
hsa-mir-616,2942.0,1658.0,2055.0,2005.0,1687.0,2244.0,4593.0,2412.0,4042.0,42.0,28.0,33.0
hsa-mir-624,2319.0,1655.0,1919.0,33.0,27.0,32.0,6534.0,3945.0,7465.0,35.0,16.0,32.0
hsa-mir-625,2.0,0.0,3.0,0.0,0.0,0.0,0.0,0.0,0.0,5.0,4.0,1.0
hsa-mir-627,39.0,23.0,30.0,152.0,88.0,98.0,0.0,1.0,0.0,1.0,0.0,2.0
hsa-mir-628,8647.0,4817.0,5521.0,210.0,123.0,223.0,19911.0,10057.0,17593.0,105.0,80.0,118.0
hsa-mir-629,10.0,3.0,1.0,0.0,0.0,0.0,0.0,0.0,0.0,24.0,12.0,16.0
hsa-mir-641,830.0,524.0,570.0,10.0,7.0,6.0,7.0,5.0,10.0,1954.0,954.0,1968.0
hsa-mir-642a,2791.0,873.0,1394.0,8604.0,4366.0,5728.0,53.0,28.0,49.0,70.0,38.0,86.0
hsa-mir-6509,0.0,0.0,0.0,0.0,0.0,0.0,0.0,0.0,0.0,0.0,0.0,0.0
hsa-mir-651,15094.0,7855.0,10345.0,212.0,148.0,240.0,31556.0,16299.0,26740.0,209.0,102.0,168.0
hsa-mir-652,1429.0,777.0,1031.0,31.0,12.0,22.0,15.0,8.0,15.0,4917.0,2198.0,4847.0
hsa-mir-653,15.0,9.0,16.0,56.0,45.0,45.0,1.0,0.0,1.0,5.0,2.0,16.0
hsa-mir-654,12034.0,9660.0,10604.0,40829.0,34106.0,53982.0,112.0,78.0,134.0,138.0,89.0,205.0
hsa-mir-655,14036.0,8958.0,10537.0,188.0,164.0,207.0,30651.0,17161.0,30320.0,214.0,118.0,207.0
hsa-mir-656,26034.0,16164.0,18290.0,7874.0,6361.0,9373.0,286.0,166.0,249.0,64196.0,30752.0,62465.0
hsa-mir-660,35723.0,24884.0,23750.0,114645.0,85881.0,121514.0,329.0,213.0,288.0,450.0,264.0,676.0
hsa-mir-670,16980.0,9028.0,8274.0,209.0,141.0,185.0,37184.0,16546.0,27002.0,448.0,246.0,381.0
hsa-mir-671,8132.0,4907.0,5344.0,94.0,83.0,114.0,82.0,66.0,91.0,22547.0,11340.0,21915.0
hsa-mir-6720,26068.0,21915.0,21143.0,84873.0,75453.0,111662.0,217.0,139.0,255.0,263.0,191.0,421.0
hsa-mir-6746,16302.0,12655.0,12628.0,193.0,184.0,236.0,44251.0,27676.0,50069.0,208.0,141.0,239.0
hsa-mir-675,6270.0,4556.0,3791.0,92.0,60.0,110.0,79.0,55.0,80.0,23562.0,11720.0,23557.0
hsa-mir-676,17213.0,10349.0,11674.0,59038.0,42364.0,60067.0,162.0,100.0,164.0,195.0,120.0,305.0
hsa-mir-7-1,19946.0,14623.0,15493.0,348.0,262.0,379.0,64047.0,39171.0,71499.0,316.0,190.0,330.0
hsa-mir-7-2,12918.0,7540.0,10355.0,211.0,193.0,272.0,211.0,135.0,216.0,59197.0,26810.0,57069.0
hsa-mir-7-3,51263.0,40265.0,39298.0,782.0,579.0,785.0,129118.0,79454.0,145598.0,763.0,462.0,809.0
hsa-mir-708,28051.0,18422.0,19137.0,93125.0,71654.0,97696.0,286.0,191.0,287.0,369.0,214.0,548.0
hsa-mir-7151,36490.0,24613.0,31106.0,553.0,467.0,532.0,112953.0,53104.0,100772.0,582.0,366.0,616.0
hsa-mir-744,10644.0,7379.0,7008.0,160.0,109.0,146.0,139.0,70.0,116.0,35550.0,18299.0,36442.0
hsa-mir-758,898.0,619.0,810.0,2953.0,2212.0,4449.0,13.0,3.0,10.0,9.0,6.0,19.0
hsa-mir-760,21262.0,10213.0,11379.0,205.0,189.0,279.0,227.0,127.0,204.0,63676.0,24720.0,47303.0
hsa-mir-766,63769.0,36451.0,42105.0,830.0,627.0,931.0,150801.0,74565.0,134599.0,2117.0,1111.0,2177.0
hsa-mir-769,100715.0,52190.0,70963.0,1540.0,1248.0,1820.0,1295.0,865.0,1332.0,366800.0,151930.0,300543.0
hsa-mir-770,30860.0,17433.0,18444.0,454.0,343.0,459.0,78353.0,38807.0,66242.0,504.0,275.0,482.0
hsa-mir-802,44925.0,35685.0,36330.0,577.0,505.0,744.0,490.0,382.0,566.0,120361.0,72994.0,148813.0
hsa-mir-873,17965.0,8253.0,10888.0,57895.0,40948.0,52177.0,145.0,105.0,143.0,263.0,137.0,349.0
hsa-mir-874,11011.0,8187.0,9464.0,156.0,115.0,197.0,29579.0,17429.0,38226.0,151.0,97.0,201.0
hsa-mir-875,1865.0,851.0,1368.0,19.0,39.0,42.0,30.0,13.0,26.0,5738.0,1908.0,3757.0
hsa-mir-885,4025.0,2492.0,2884.0,13636.0,9957.0,14980.0,45.0,25.0,40.0,71.0,36.0,98.0
hsa-mir-887,10235.0,5596.0,5767.0,116.0,85.0,125.0,23532.0,12212.0,20571.0,126.0,61.0,126.0
hsa-mir-888,28641.0,19482.0,20756.0,334.0,308.0,513.0,333.0,210.0,380.0,81282.0,42927.0,89768.0
hsa-mir-889,1615.0,778.0,1217.0,5983.0,4617.0,6119.0,17.0,8.0,20.0,20.0,11.0,33.0
hsa-mir-890,58940.0,42191.0,47598.0,187630.0,162596.0,239523.0,3330.0,1984.0,3568.0,1195.0,735.0,1647.0
hsa-mir-892a,41230.0,33504.0,32361.0,599.0,492.0,669.0,104897.0,66606.0,125329.0,605.0,378.0,670.0
hsa-mir-892b,51177.0,26275.0,33317.0,642.0,498.0,772.0,64865.0,30937.0,55742.0,81203.0,33829.0,70017.0
hsa-mir-892c,9053.0,6498.0,6560.0,118.0,90.0,144.0,21815.0,12431.0,22783.0,140.0,91.0,201.0
hsa-mir-9-1,62035.0,33022.0,42921.0,845.0,744.0,1081.0,791.0,528.0,772.0,187383.0,80785.0,159744.0
hsa-mir-9-2,40399.0,23292.0,27995.0,132179.0,96395.0,136724.0,377.0,224.0,439.0,457.0,328.0,752.0
hsa-mir-9-3,86873.0,48721.0,53956.0,957.0,703.0,1039.0,206119.0,100830.0,175794.0,929.0,575.0,981.0
hsa-mir-92a-1,62818.0,39156.0,44509.0,859.0,706.0,1091.0,711.0,480.0,749.0,192989.0,97341.0,196435.0
hsa-mir-92a-2,50766.0,23870.0,33661.0,165165.0,129855.0,159175.0,486.0,334.0,549.0,599.0,366.0,994.0
hsa-mir-92b,0.0,0.0,0.0,0.0,0.0,0.0,0.0,0.0,0.0,0.0,0.0,0.0
hsa-mir-93,1070.0,619.0,841.0,33.0,33.0,56.0,2611.0,1260.0,2985.0,18.0,11.0,22.0
hsa-mir-934,2609.0,1094.0,1501.0,8427.0,5270.0,7061.0,29.0,9.0,36.0,49.0,24.0,62.0
hsa-mir-941-1,48660.0,31036.0,28236.0,795.0,628.0,880.0,150768.0,71034.0,119816.0,823.0,503.0,839.0
hsa-mir-941-2,28.0,6.0,18.0,4.0,1.0,0.0,9.0,0.0,6.0,115.0,19.0,86.0
hsa-mir-941-3,28.0,5.0,19.0,2.0,1.0,1.0,9.0,1.0,2.0,121.0,20.0,92.0
hsa-mir-941-4,18190.0,11036.0,9583.0,316.0,205.0,259.0,55568.0,27214.0,44473.0,498.0,232.0,393.0
hsa-mir-941-5,29.0,13.0,17.0,3.0,1.0,0.0,13.0,1.0,4.0,108.0,20.0,68.0
hsa-mir-942,73215.0,28754.0,38277.0,7274.0,4666.0,6209.0,658.0,438.0,593.0,208595.0,68147.0,130521.0
hsa-mir-944,22019.0,5803.0,11774.0,64625.0,37225.0,40641.0,249.0,128.0,202.0,322.0,195.0,409.0
hsa-mir-95,87942.0,65418.0,71219.0,286018.0,249413.0,359452.0,856.0,519.0,875.0,983.0,622.0,1549.0
hsa-mir-96,71047.0,43773.0,45311.0,986.0,747.0,1087.0,185467.0,95322.0,169273.0,926.0,522.0,1022.0
hsa-mir-98,39252.0,23197.0,27065.0,591.0,438.0,687.0,870.0,541.0,792.0,130564.0,59515.0,117891.0
hsa-mir-99a,88996.0,78855.0,80530.0,293019.0,296787.0,414070.0,960.0,579.0,917.0,1049.0,691.0,1688.0
hsa-mir-99b,60154.0,29156.0,30949.0,728.0,573.0,843.0,173100.0,75538.0,127437.0,805.0,430.0,771.0
IRES-domainII,68162.0,52046.0,56724.0,234321.0,192967.0,290763.0,246346.0,112592.0,223690.0,226377.0,120209.0,240482.0
U1-snRNA,49091.0,21809.0,28126.0,167826.0,111033.0,145745.0,141356.0,62747.0,104361.0,153482.0,56470.0,116190.0
Yeast-tRNAasp,53726.0,36007.0,46198.0,187280.0,126620.0,200888.0,191016.0,81698.0,145035.0,203202.0,85761.0,157202.0
